Object 1 Shape,Obj 1 Dimensions,Object 2 Shape,Obj 2 Dimensions
"[0, 0, 1]","[0.013, 0.012]","[0, 1, 0]",[0.015]
"[1, 0, 0]","[0.023, 0.06, 0.023]","[0, 0, 1]","[0.008, 0.014]"
"[1, 0, 0]","[0.019, 0.046, 0.019]","[1, 0, 0]","[0.027, 0.012, 0.027]"
"[0, 1, 0]",[0.014],"[0, 1, 0]",[0.023]
"[0, 1, 0]",[0.022],"[1, 0, 0]","[0.018, 0.012, 0.018]"
"[1, 0, 0]","[0.025, 0.012, 0.025]","[0, 1, 0]",[0.019]
"[1, 0, 0]","[0.016, 0.006, 0.016]","[0, 1, 0]",[0.03]
"[1, 0, 0]","[0.022, 0.007, 0.022]","[1, 0, 0]","[0.01, 0.046, 0.01]"
"[0, 0, 1]","[0.028, 0.056]","[1, 0, 0]","[0.016, 0.038, 0.016]"
"[0, 0, 1]","[0.03, 0.056]","[0, 1, 0]",[0.025]
"[0, 0, 1]","[0.013, 0.019]","[0, 1, 0]",[0.019]
"[1, 0, 0]","[0.023, 0.007, 0.023]","[1, 0, 0]","[0.027, 0.029, 0.027]"
"[0, 1, 0]",[0.015],"[1, 0, 0]","[0.027, 0.005, 0.027]"
"[0, 1, 0]",[0.006],"[0, 0, 1]","[0.024, 0.021]"
"[0, 1, 0]",[0.02],"[0, 0, 1]","[0.026, 0.041]"
"[0, 1, 0]",[0.016],"[0, 1, 0]",[0.029]
"[1, 0, 0]","[0.022, 0.005, 0.022]","[1, 0, 0]","[0.007, 0.052, 0.007]"
"[1, 0, 0]","[0.009, 0.045, 0.009]","[1, 0, 0]","[0.029, 0.016, 0.029]"
"[0, 0, 1]","[0.012, 0.043]","[1, 0, 0]","[0.007, 0.013, 0.007]"
"[0, 1, 0]",[0.022],"[1, 0, 0]","[0.019, 0.011, 0.019]"
"[1, 0, 0]","[0.016, 0.037, 0.016]","[1, 0, 0]","[0.013, 0.033, 0.013]"
"[0, 1, 0]",[0.03],"[0, 0, 1]","[0.007, 0.054]"
"[0, 1, 0]",[0.013],"[0, 0, 1]","[0.018, 0.006]"
"[1, 0, 0]","[0.029, 0.028, 0.029]","[1, 0, 0]","[0.015, 0.059, 0.015]"
"[0, 0, 1]","[0.016, 0.011]","[0, 1, 0]",[0.005]
"[0, 1, 0]",[0.018],"[0, 0, 1]","[0.014, 0.022]"
"[1, 0, 0]","[0.018, 0.057, 0.018]","[1, 0, 0]","[0.026, 0.035, 0.026]"
"[0, 1, 0]",[0.013],"[1, 0, 0]","[0.01, 0.021, 0.01]"
"[0, 1, 0]",[0.008],"[0, 1, 0]",[0.021]
"[0, 0, 1]","[0.008, 0.025]","[1, 0, 0]","[0.011, 0.029, 0.011]"
"[1, 0, 0]","[0.012, 0.038, 0.012]","[0, 0, 1]","[0.011, 0.007]"
"[1, 0, 0]","[0.01, 0.047, 0.01]","[1, 0, 0]","[0.022, 0.042, 0.022]"
"[1, 0, 0]","[0.009, 0.013, 0.009]","[0, 1, 0]",[0.019]
"[0, 1, 0]",[0.028],"[0, 0, 1]","[0.024, 0.025]"
"[0, 1, 0]",[0.029],"[0, 0, 1]","[0.007, 0.031]"
"[0, 0, 1]","[0.006, 0.045]","[0, 1, 0]",[0.028]
"[0, 1, 0]",[0.026],"[0, 0, 1]","[0.011, 0.037]"
"[0, 1, 0]",[0.013],"[0, 0, 1]","[0.024, 0.058]"
"[0, 1, 0]",[0.009],"[0, 0, 1]","[0.007, 0.014]"
"[0, 0, 1]","[0.028, 0.045]","[0, 1, 0]",[0.007]
"[1, 0, 0]","[0.026, 0.006, 0.026]","[0, 1, 0]",[0.015]
"[0, 0, 1]","[0.029, 0.053]","[0, 0, 1]","[0.006, 0.046]"
"[1, 0, 0]","[0.015, 0.038, 0.015]","[1, 0, 0]","[0.023, 0.03, 0.023]"
"[1, 0, 0]","[0.007, 0.037, 0.007]","[0, 0, 1]","[0.012, 0.041]"
"[0, 1, 0]",[0.023],"[0, 0, 1]","[0.007, 0.006]"
"[0, 1, 0]",[0.023],"[0, 1, 0]",[0.024]
"[0, 1, 0]",[0.015],"[1, 0, 0]","[0.021, 0.019, 0.021]"
"[0, 0, 1]","[0.01, 0.051]","[1, 0, 0]","[0.026, 0.011, 0.026]"
"[0, 0, 1]","[0.009, 0.029]","[0, 0, 1]","[0.006, 0.05]"
"[0, 1, 0]",[0.022],"[0, 0, 1]","[0.006, 0.037]"
"[0, 1, 0]",[0.02],"[1, 0, 0]","[0.018, 0.062, 0.018]"
"[1, 0, 0]","[0.01, 0.023, 0.01]","[0, 1, 0]",[0.009]
"[1, 0, 0]","[0.01, 0.025, 0.01]","[0, 0, 1]","[0.017, 0.05]"
"[0, 1, 0]",[0.012],"[0, 0, 1]","[0.023, 0.031]"
"[0, 0, 1]","[0.029, 0.051]","[0, 1, 0]",[0.006]
"[0, 1, 0]",[0.019],"[1, 0, 0]","[0.011, 0.045, 0.011]"
"[0, 1, 0]",[0.026],"[0, 1, 0]",[0.017]
"[1, 0, 0]","[0.024, 0.01, 0.024]","[1, 0, 0]","[0.013, 0.016, 0.013]"
"[0, 0, 1]","[0.019, 0.021]","[0, 1, 0]",[0.018]
"[1, 0, 0]","[0.014, 0.044, 0.014]","[0, 1, 0]",[0.014]
"[0, 1, 0]",[0.012],"[1, 0, 0]","[0.01, 0.062, 0.01]"
"[0, 1, 0]",[0.019],"[1, 0, 0]","[0.023, 0.01, 0.023]"
"[1, 0, 0]","[0.008, 0.027, 0.008]","[1, 0, 0]","[0.013, 0.006, 0.013]"
"[0, 1, 0]",[0.008],"[1, 0, 0]","[0.029, 0.038, 0.029]"
"[1, 0, 0]","[0.027, 0.056, 0.027]","[0, 1, 0]",[0.029]
"[0, 1, 0]",[0.029],"[1, 0, 0]","[0.023, 0.055, 0.023]"
"[0, 1, 0]",[0.019],"[0, 0, 1]","[0.029, 0.036]"
"[0, 0, 1]","[0.007, 0.03]","[1, 0, 0]","[0.023, 0.018, 0.023]"
"[0, 0, 1]","[0.026, 0.019]","[0, 1, 0]",[0.029]
"[1, 0, 0]","[0.016, 0.029, 0.016]","[0, 1, 0]",[0.009]
"[0, 1, 0]",[0.009],"[1, 0, 0]","[0.016, 0.032, 0.016]"
"[0, 0, 1]","[0.024, 0.036]","[1, 0, 0]","[0.028, 0.03, 0.028]"
"[0, 0, 1]","[0.022, 0.007]","[1, 0, 0]","[0.025, 0.062, 0.025]"
"[1, 0, 0]","[0.024, 0.061, 0.024]","[0, 0, 1]","[0.016, 0.009]"
"[0, 0, 1]","[0.012, 0.049]","[0, 1, 0]",[0.006]
"[1, 0, 0]","[0.014, 0.013, 0.014]","[0, 1, 0]",[0.01]
"[1, 0, 0]","[0.03, 0.048, 0.03]","[0, 1, 0]",[0.022]
"[0, 0, 1]","[0.016, 0.044]","[1, 0, 0]","[0.017, 0.015, 0.017]"
"[1, 0, 0]","[0.018, 0.038, 0.018]","[0, 1, 0]",[0.017]
"[1, 0, 0]","[0.028, 0.045, 0.028]","[1, 0, 0]","[0.011, 0.006, 0.011]"
"[0, 0, 1]","[0.01, 0.033]","[0, 1, 0]",[0.024]
"[0, 0, 1]","[0.016, 0.028]","[1, 0, 0]","[0.008, 0.027, 0.008]"
"[0, 0, 1]","[0.019, 0.043]","[0, 0, 1]","[0.005, 0.037]"
"[0, 1, 0]",[0.008],"[1, 0, 0]","[0.025, 0.007, 0.025]"
"[0, 1, 0]",[0.011],"[0, 0, 1]","[0.026, 0.06]"
"[0, 1, 0]",[0.028],"[0, 1, 0]",[0.029]
"[1, 0, 0]","[0.009, 0.008, 0.009]","[0, 0, 1]","[0.012, 0.045]"
"[0, 0, 1]","[0.009, 0.018]","[0, 1, 0]",[0.019]
"[0, 0, 1]","[0.027, 0.061]","[0, 0, 1]","[0.009, 0.011]"
"[0, 0, 1]","[0.018, 0.048]","[0, 0, 1]","[0.012, 0.056]"
"[1, 0, 0]","[0.013, 0.054, 0.013]","[0, 1, 0]",[0.029]
"[0, 0, 1]","[0.024, 0.012]","[1, 0, 0]","[0.01, 0.024, 0.01]"
"[1, 0, 0]","[0.009, 0.016, 0.009]","[1, 0, 0]","[0.008, 0.033, 0.008]"
"[0, 0, 1]","[0.007, 0.048]","[1, 0, 0]","[0.026, 0.044, 0.026]"
"[1, 0, 0]","[0.01, 0.01, 0.01]","[1, 0, 0]","[0.023, 0.058, 0.023]"
"[1, 0, 0]","[0.01, 0.042, 0.01]","[0, 1, 0]",[0.019]
"[1, 0, 0]","[0.025, 0.035, 0.025]","[1, 0, 0]","[0.028, 0.016, 0.028]"
"[0, 0, 1]","[0.027, 0.049]","[0, 0, 1]","[0.027, 0.015]"
"[1, 0, 0]","[0.013, 0.037, 0.013]","[1, 0, 0]","[0.012, 0.015, 0.012]"
"[0, 0, 1]","[0.017, 0.051]","[0, 0, 1]","[0.012, 0.02]"
"[0, 1, 0]",[0.007],"[1, 0, 0]","[0.027, 0.043, 0.027]"
"[0, 0, 1]","[0.008, 0.015]","[1, 0, 0]","[0.006, 0.041, 0.006]"
"[0, 1, 0]",[0.027],"[0, 1, 0]",[0.023]
"[1, 0, 0]","[0.01, 0.053, 0.01]","[1, 0, 0]","[0.009, 0.048, 0.009]"
"[1, 0, 0]","[0.012, 0.06, 0.012]","[1, 0, 0]","[0.009, 0.04, 0.009]"
"[1, 0, 0]","[0.028, 0.008, 0.028]","[1, 0, 0]","[0.015, 0.021, 0.015]"
"[0, 1, 0]",[0.02],"[0, 0, 1]","[0.015, 0.007]"
"[0, 0, 1]","[0.029, 0.039]","[1, 0, 0]","[0.022, 0.042, 0.022]"
"[0, 0, 1]","[0.013, 0.039]","[1, 0, 0]","[0.012, 0.061, 0.012]"
"[1, 0, 0]","[0.015, 0.011, 0.015]","[1, 0, 0]","[0.015, 0.06, 0.015]"
"[1, 0, 0]","[0.029, 0.007, 0.029]","[0, 1, 0]",[0.014]
"[0, 0, 1]","[0.02, 0.056]","[1, 0, 0]","[0.024, 0.026, 0.024]"
"[0, 0, 1]","[0.015, 0.051]","[0, 1, 0]",[0.019]
"[0, 0, 1]","[0.008, 0.03]","[0, 0, 1]","[0.006, 0.023]"
"[0, 0, 1]","[0.005, 0.023]","[1, 0, 0]","[0.029, 0.024, 0.029]"
"[1, 0, 0]","[0.006, 0.06, 0.006]","[1, 0, 0]","[0.011, 0.008, 0.011]"
"[0, 0, 1]","[0.018, 0.043]","[1, 0, 0]","[0.019, 0.009, 0.019]"
"[0, 1, 0]",[0.018],"[1, 0, 0]","[0.027, 0.037, 0.027]"
"[0, 1, 0]",[0.025],"[1, 0, 0]","[0.011, 0.038, 0.011]"
"[0, 0, 1]","[0.019, 0.035]","[1, 0, 0]","[0.009, 0.049, 0.009]"
"[0, 0, 1]","[0.008, 0.054]","[0, 0, 1]","[0.024, 0.051]"
"[1, 0, 0]","[0.012, 0.008, 0.012]","[1, 0, 0]","[0.025, 0.062, 0.025]"
"[0, 1, 0]",[0.028],"[0, 0, 1]","[0.013, 0.061]"
"[0, 1, 0]",[0.006],"[1, 0, 0]","[0.014, 0.039, 0.014]"
"[1, 0, 0]","[0.014, 0.047, 0.014]","[1, 0, 0]","[0.024, 0.055, 0.024]"
"[0, 1, 0]",[0.016],"[1, 0, 0]","[0.026, 0.04, 0.026]"
"[1, 0, 0]","[0.029, 0.051, 0.029]","[0, 1, 0]",[0.027]
"[0, 1, 0]",[0.016],"[0, 1, 0]",[0.012]
"[0, 1, 0]",[0.014],"[0, 1, 0]",[0.026]
"[0, 1, 0]",[0.014],"[0, 0, 1]","[0.011, 0.012]"
"[0, 0, 1]","[0.022, 0.047]","[0, 0, 1]","[0.018, 0.04]"
"[0, 1, 0]",[0.005],"[0, 0, 1]","[0.017, 0.033]"
"[1, 0, 0]","[0.006, 0.056, 0.006]","[1, 0, 0]","[0.007, 0.016, 0.007]"
"[0, 1, 0]",[0.007],"[0, 0, 1]","[0.006, 0.039]"
"[0, 0, 1]","[0.018, 0.045]","[1, 0, 0]","[0.007, 0.043, 0.007]"
"[1, 0, 0]","[0.015, 0.052, 0.015]","[0, 0, 1]","[0.027, 0.034]"
"[0, 1, 0]",[0.02],"[0, 1, 0]",[0.02]
"[0, 0, 1]","[0.024, 0.017]","[0, 0, 1]","[0.025, 0.042]"
"[0, 0, 1]","[0.018, 0.039]","[0, 0, 1]","[0.014, 0.03]"
"[1, 0, 0]","[0.025, 0.047, 0.025]","[1, 0, 0]","[0.03, 0.012, 0.03]"
"[0, 1, 0]",[0.016],"[0, 0, 1]","[0.01, 0.013]"
"[0, 0, 1]","[0.024, 0.062]","[0, 1, 0]",[0.007]
"[0, 0, 1]","[0.03, 0.033]","[0, 1, 0]",[0.028]
"[1, 0, 0]","[0.017, 0.051, 0.017]","[1, 0, 0]","[0.016, 0.036, 0.016]"
"[0, 0, 1]","[0.02, 0.054]","[0, 1, 0]",[0.025]
"[1, 0, 0]","[0.005, 0.032, 0.005]","[1, 0, 0]","[0.028, 0.032, 0.028]"
"[1, 0, 0]","[0.013, 0.058, 0.013]","[0, 1, 0]",[0.018]
"[1, 0, 0]","[0.028, 0.03, 0.028]","[0, 1, 0]",[0.016]
"[0, 0, 1]","[0.024, 0.021]","[0, 1, 0]",[0.019]
"[0, 1, 0]",[0.014],"[1, 0, 0]","[0.018, 0.036, 0.018]"
"[0, 0, 1]","[0.025, 0.018]","[0, 0, 1]","[0.014, 0.043]"
"[0, 1, 0]",[0.021],"[1, 0, 0]","[0.007, 0.011, 0.007]"
"[0, 0, 1]","[0.01, 0.057]","[0, 1, 0]",[0.023]
"[0, 0, 1]","[0.005, 0.017]","[1, 0, 0]","[0.008, 0.061, 0.008]"
"[0, 0, 1]","[0.017, 0.032]","[1, 0, 0]","[0.008, 0.01, 0.008]"
"[0, 1, 0]",[0.028],"[1, 0, 0]","[0.009, 0.06, 0.009]"
"[0, 1, 0]",[0.006],"[1, 0, 0]","[0.014, 0.053, 0.014]"
"[1, 0, 0]","[0.019, 0.027, 0.019]","[1, 0, 0]","[0.027, 0.008, 0.027]"
"[0, 0, 1]","[0.01, 0.029]","[0, 0, 1]","[0.023, 0.033]"
"[0, 1, 0]",[0.014],"[0, 1, 0]",[0.006]
"[0, 1, 0]",[0.022],"[1, 0, 0]","[0.025, 0.062, 0.025]"
"[1, 0, 0]","[0.021, 0.046, 0.021]","[0, 0, 1]","[0.011, 0.007]"
"[0, 0, 1]","[0.018, 0.028]","[0, 0, 1]","[0.029, 0.044]"
"[1, 0, 0]","[0.015, 0.006, 0.015]","[0, 0, 1]","[0.007, 0.046]"
"[0, 0, 1]","[0.015, 0.047]","[0, 0, 1]","[0.012, 0.022]"
"[0, 0, 1]","[0.014, 0.028]","[1, 0, 0]","[0.008, 0.058, 0.008]"
"[0, 1, 0]",[0.013],"[1, 0, 0]","[0.017, 0.014, 0.017]"
"[0, 1, 0]",[0.016],"[0, 0, 1]","[0.024, 0.041]"
"[0, 0, 1]","[0.019, 0.019]","[0, 0, 1]","[0.02, 0.044]"
"[0, 1, 0]",[0.024],"[0, 0, 1]","[0.006, 0.024]"
"[0, 1, 0]",[0.011],"[1, 0, 0]","[0.006, 0.053, 0.006]"
"[0, 1, 0]",[0.026],"[0, 1, 0]",[0.025]
"[0, 0, 1]","[0.017, 0.059]","[0, 0, 1]","[0.025, 0.05]"
"[0, 1, 0]",[0.009],"[1, 0, 0]","[0.005, 0.049, 0.005]"
"[0, 1, 0]",[0.014],"[0, 1, 0]",[0.021]
"[0, 0, 1]","[0.012, 0.038]","[1, 0, 0]","[0.008, 0.057, 0.008]"
"[0, 1, 0]",[0.026],"[1, 0, 0]","[0.018, 0.015, 0.018]"
"[1, 0, 0]","[0.023, 0.043, 0.023]","[1, 0, 0]","[0.021, 0.037, 0.021]"
"[0, 1, 0]",[0.03],"[0, 0, 1]","[0.014, 0.021]"
"[0, 0, 1]","[0.023, 0.05]","[1, 0, 0]","[0.011, 0.015, 0.011]"
"[1, 0, 0]","[0.027, 0.027, 0.027]","[0, 1, 0]",[0.011]
"[0, 0, 1]","[0.021, 0.06]","[0, 1, 0]",[0.017]
"[1, 0, 0]","[0.012, 0.032, 0.012]","[1, 0, 0]","[0.026, 0.005, 0.026]"
"[0, 1, 0]",[0.027],"[0, 0, 1]","[0.007, 0.008]"
"[0, 0, 1]","[0.02, 0.024]","[0, 1, 0]",[0.011]
"[0, 1, 0]",[0.028],"[1, 0, 0]","[0.013, 0.055, 0.013]"
"[0, 1, 0]",[0.025],"[1, 0, 0]","[0.016, 0.006, 0.016]"
"[0, 1, 0]",[0.02],"[0, 1, 0]",[0.029]
"[0, 0, 1]","[0.03, 0.047]","[1, 0, 0]","[0.027, 0.051, 0.027]"
"[1, 0, 0]","[0.028, 0.014, 0.028]","[0, 1, 0]",[0.02]
"[1, 0, 0]","[0.024, 0.03, 0.024]","[1, 0, 0]","[0.029, 0.037, 0.029]"
"[1, 0, 0]","[0.021, 0.05, 0.021]","[1, 0, 0]","[0.026, 0.015, 0.026]"
"[0, 1, 0]",[0.006],"[0, 0, 1]","[0.016, 0.007]"
"[0, 1, 0]",[0.017],"[0, 1, 0]",[0.027]
"[0, 0, 1]","[0.013, 0.059]","[1, 0, 0]","[0.029, 0.032, 0.029]"
"[0, 1, 0]",[0.012],"[1, 0, 0]","[0.025, 0.021, 0.025]"
"[1, 0, 0]","[0.023, 0.019, 0.023]","[0, 0, 1]","[0.015, 0.005]"
"[0, 0, 1]","[0.018, 0.04]","[0, 0, 1]","[0.013, 0.031]"
"[0, 0, 1]","[0.01, 0.028]","[0, 0, 1]","[0.008, 0.042]"
"[0, 0, 1]","[0.016, 0.049]","[0, 1, 0]",[0.016]
"[1, 0, 0]","[0.021, 0.014, 0.021]","[0, 0, 1]","[0.016, 0.007]"
"[0, 1, 0]",[0.023],"[0, 1, 0]",[0.013]
"[1, 0, 0]","[0.022, 0.02, 0.022]","[1, 0, 0]","[0.024, 0.011, 0.024]"
"[0, 0, 1]","[0.01, 0.061]","[1, 0, 0]","[0.009, 0.053, 0.009]"
"[0, 0, 1]","[0.026, 0.038]","[1, 0, 0]","[0.02, 0.037, 0.02]"
"[0, 1, 0]",[0.029],"[1, 0, 0]","[0.016, 0.01, 0.016]"
"[0, 0, 1]","[0.017, 0.047]","[0, 1, 0]",[0.008]
"[0, 0, 1]","[0.017, 0.043]","[1, 0, 0]","[0.013, 0.027, 0.013]"
"[0, 1, 0]",[0.015],"[0, 0, 1]","[0.01, 0.033]"
"[1, 0, 0]","[0.009, 0.006, 0.009]","[0, 0, 1]","[0.011, 0.035]"
"[1, 0, 0]","[0.023, 0.051, 0.023]","[0, 0, 1]","[0.006, 0.032]"
"[0, 1, 0]",[0.026],"[0, 0, 1]","[0.028, 0.056]"
"[0, 1, 0]",[0.014],"[1, 0, 0]","[0.012, 0.012, 0.012]"
"[0, 0, 1]","[0.011, 0.016]","[0, 0, 1]","[0.016, 0.04]"
"[0, 1, 0]",[0.017],"[0, 1, 0]",[0.024]
"[0, 1, 0]",[0.016],"[0, 1, 0]",[0.014]
"[0, 0, 1]","[0.011, 0.015]","[0, 0, 1]","[0.013, 0.044]"
"[0, 0, 1]","[0.012, 0.019]","[0, 1, 0]",[0.024]
"[0, 1, 0]",[0.017],"[1, 0, 0]","[0.027, 0.014, 0.027]"
"[1, 0, 0]","[0.01, 0.019, 0.01]","[0, 0, 1]","[0.006, 0.027]"
"[1, 0, 0]","[0.021, 0.03, 0.021]","[1, 0, 0]","[0.018, 0.061, 0.018]"
"[1, 0, 0]","[0.006, 0.012, 0.006]","[0, 0, 1]","[0.01, 0.036]"
"[0, 0, 1]","[0.006, 0.055]","[0, 1, 0]",[0.028]
"[0, 1, 0]",[0.02],"[0, 1, 0]",[0.01]
"[0, 0, 1]","[0.029, 0.059]","[1, 0, 0]","[0.017, 0.025, 0.017]"
"[0, 0, 1]","[0.016, 0.023]","[0, 0, 1]","[0.013, 0.019]"
"[0, 0, 1]","[0.01, 0.03]","[1, 0, 0]","[0.008, 0.036, 0.008]"
"[0, 1, 0]",[0.024],"[0, 0, 1]","[0.009, 0.012]"
"[0, 0, 1]","[0.025, 0.009]","[1, 0, 0]","[0.02, 0.02, 0.02]"
"[0, 1, 0]",[0.022],"[1, 0, 0]","[0.026, 0.057, 0.026]"
"[0, 0, 1]","[0.025, 0.05]","[1, 0, 0]","[0.026, 0.037, 0.026]"
"[0, 1, 0]",[0.016],"[0, 1, 0]",[0.011]
"[0, 0, 1]","[0.016, 0.033]","[1, 0, 0]","[0.009, 0.056, 0.009]"
"[0, 0, 1]","[0.016, 0.021]","[1, 0, 0]","[0.017, 0.035, 0.017]"
"[0, 1, 0]",[0.007],"[0, 1, 0]",[0.012]
"[0, 0, 1]","[0.029, 0.027]","[1, 0, 0]","[0.024, 0.032, 0.024]"
"[0, 1, 0]",[0.015],"[0, 0, 1]","[0.024, 0.037]"
"[0, 1, 0]",[0.023],"[1, 0, 0]","[0.025, 0.006, 0.025]"
"[1, 0, 0]","[0.022, 0.006, 0.022]","[1, 0, 0]","[0.013, 0.047, 0.013]"
"[0, 0, 1]","[0.018, 0.05]","[0, 1, 0]",[0.023]
"[0, 1, 0]",[0.019],"[1, 0, 0]","[0.007, 0.045, 0.007]"
"[1, 0, 0]","[0.007, 0.056, 0.007]","[0, 1, 0]",[0.013]
"[1, 0, 0]","[0.008, 0.035, 0.008]","[0, 0, 1]","[0.017, 0.056]"
"[0, 1, 0]",[0.009],"[1, 0, 0]","[0.018, 0.013, 0.018]"
"[0, 0, 1]","[0.018, 0.005]","[0, 0, 1]","[0.03, 0.044]"
"[0, 1, 0]",[0.009],"[1, 0, 0]","[0.022, 0.048, 0.022]"
"[1, 0, 0]","[0.01, 0.014, 0.01]","[1, 0, 0]","[0.006, 0.04, 0.006]"
"[0, 1, 0]",[0.008],"[1, 0, 0]","[0.019, 0.019, 0.019]"
"[0, 1, 0]",[0.022],"[0, 0, 1]","[0.01, 0.01]"
"[1, 0, 0]","[0.01, 0.018, 0.01]","[1, 0, 0]","[0.008, 0.052, 0.008]"
"[0, 0, 1]","[0.012, 0.036]","[0, 1, 0]",[0.016]
"[0, 1, 0]",[0.017],"[0, 0, 1]","[0.021, 0.012]"
"[1, 0, 0]","[0.018, 0.051, 0.018]","[1, 0, 0]","[0.009, 0.061, 0.009]"
"[0, 0, 1]","[0.017, 0.026]","[1, 0, 0]","[0.02, 0.01, 0.02]"
"[0, 0, 1]","[0.024, 0.017]","[0, 1, 0]",[0.027]
"[0, 0, 1]","[0.011, 0.042]","[1, 0, 0]","[0.011, 0.013, 0.011]"
"[1, 0, 0]","[0.007, 0.048, 0.007]","[0, 0, 1]","[0.008, 0.033]"
"[0, 0, 1]","[0.011, 0.057]","[1, 0, 0]","[0.014, 0.025, 0.014]"
"[0, 1, 0]",[0.005],"[0, 1, 0]",[0.02]
"[0, 1, 0]",[0.013],"[1, 0, 0]","[0.009, 0.023, 0.009]"
"[0, 0, 1]","[0.011, 0.013]","[0, 0, 1]","[0.029, 0.014]"
"[0, 0, 1]","[0.028, 0.057]","[0, 1, 0]",[0.017]
"[0, 1, 0]",[0.025],"[0, 1, 0]",[0.018]
"[1, 0, 0]","[0.025, 0.04, 0.025]","[0, 0, 1]","[0.009, 0.05]"
"[0, 1, 0]",[0.022],"[1, 0, 0]","[0.01, 0.008, 0.01]"
"[0, 1, 0]",[0.011],"[0, 1, 0]",[0.021]
"[1, 0, 0]","[0.006, 0.051, 0.006]","[0, 1, 0]",[0.011]
"[0, 1, 0]",[0.014],"[0, 1, 0]",[0.023]
"[1, 0, 0]","[0.018, 0.039, 0.018]","[1, 0, 0]","[0.02, 0.035, 0.02]"
"[0, 0, 1]","[0.016, 0.007]","[0, 0, 1]","[0.024, 0.016]"
"[1, 0, 0]","[0.018, 0.032, 0.018]","[0, 0, 1]","[0.006, 0.011]"
"[1, 0, 0]","[0.013, 0.049, 0.013]","[1, 0, 0]","[0.008, 0.037, 0.008]"
"[0, 0, 1]","[0.021, 0.023]","[0, 0, 1]","[0.005, 0.033]"
"[1, 0, 0]","[0.009, 0.012, 0.009]","[0, 0, 1]","[0.021, 0.005]"
"[0, 1, 0]",[0.023],"[0, 1, 0]",[0.01]
"[1, 0, 0]","[0.028, 0.02, 0.028]","[0, 1, 0]",[0.012]
"[1, 0, 0]","[0.015, 0.019, 0.015]","[1, 0, 0]","[0.025, 0.06, 0.025]"
"[0, 1, 0]",[0.017],"[0, 0, 1]","[0.01, 0.037]"
"[1, 0, 0]","[0.006, 0.007, 0.006]","[0, 0, 1]","[0.021, 0.057]"
"[0, 0, 1]","[0.013, 0.016]","[1, 0, 0]","[0.013, 0.008, 0.013]"
"[0, 0, 1]","[0.029, 0.045]","[0, 0, 1]","[0.02, 0.045]"
"[0, 1, 0]",[0.01],"[0, 1, 0]",[0.026]
"[1, 0, 0]","[0.01, 0.015, 0.01]","[0, 1, 0]",[0.024]
"[1, 0, 0]","[0.01, 0.008, 0.01]","[0, 1, 0]",[0.012]
"[0, 0, 1]","[0.006, 0.039]","[1, 0, 0]","[0.018, 0.057, 0.018]"
"[1, 0, 0]","[0.014, 0.038, 0.014]","[0, 0, 1]","[0.022, 0.018]"
"[0, 1, 0]",[0.014],"[0, 0, 1]","[0.028, 0.046]"
"[0, 1, 0]",[0.022],"[1, 0, 0]","[0.024, 0.033, 0.024]"
"[0, 0, 1]","[0.008, 0.043]","[1, 0, 0]","[0.021, 0.008, 0.021]"
"[0, 0, 1]","[0.012, 0.039]","[0, 0, 1]","[0.013, 0.02]"
"[1, 0, 0]","[0.03, 0.055, 0.03]","[0, 1, 0]",[0.01]
"[1, 0, 0]","[0.018, 0.014, 0.018]","[0, 1, 0]",[0.014]
"[1, 0, 0]","[0.008, 0.043, 0.008]","[0, 1, 0]",[0.008]
"[1, 0, 0]","[0.025, 0.047, 0.025]","[1, 0, 0]","[0.025, 0.05, 0.025]"
"[1, 0, 0]","[0.026, 0.053, 0.026]","[0, 0, 1]","[0.007, 0.008]"
"[0, 0, 1]","[0.017, 0.017]","[0, 1, 0]",[0.02]
"[0, 1, 0]",[0.008],"[1, 0, 0]","[0.025, 0.042, 0.025]"
"[0, 0, 1]","[0.027, 0.013]","[1, 0, 0]","[0.02, 0.036, 0.02]"
"[1, 0, 0]","[0.023, 0.046, 0.023]","[0, 0, 1]","[0.016, 0.022]"
"[0, 1, 0]",[0.018],"[0, 0, 1]","[0.017, 0.059]"
"[1, 0, 0]","[0.026, 0.031, 0.026]","[0, 0, 1]","[0.025, 0.026]"
"[1, 0, 0]","[0.027, 0.053, 0.027]","[0, 1, 0]",[0.029]
"[0, 1, 0]",[0.023],"[0, 1, 0]",[0.022]
"[1, 0, 0]","[0.011, 0.054, 0.011]","[0, 1, 0]",[0.025]
"[1, 0, 0]","[0.008, 0.008, 0.008]","[0, 0, 1]","[0.01, 0.027]"
"[0, 0, 1]","[0.015, 0.019]","[1, 0, 0]","[0.014, 0.014, 0.014]"
"[1, 0, 0]","[0.024, 0.027, 0.024]","[1, 0, 0]","[0.007, 0.017, 0.007]"
"[0, 1, 0]",[0.011],"[0, 0, 1]","[0.019, 0.029]"
"[0, 0, 1]","[0.008, 0.033]","[1, 0, 0]","[0.011, 0.017, 0.011]"
"[0, 1, 0]",[0.021],"[0, 0, 1]","[0.024, 0.009]"
"[1, 0, 0]","[0.019, 0.03, 0.019]","[0, 0, 1]","[0.022, 0.008]"
"[0, 1, 0]",[0.011],"[1, 0, 0]","[0.025, 0.008, 0.025]"
"[0, 0, 1]","[0.025, 0.052]","[1, 0, 0]","[0.015, 0.034, 0.015]"
"[0, 1, 0]",[0.029],"[0, 1, 0]",[0.005]
"[0, 1, 0]",[0.011],"[0, 1, 0]",[0.009]
"[0, 1, 0]",[0.006],"[0, 1, 0]",[0.023]
"[1, 0, 0]","[0.023, 0.026, 0.023]","[0, 1, 0]",[0.019]
"[1, 0, 0]","[0.008, 0.042, 0.008]","[0, 1, 0]",[0.019]
"[0, 0, 1]","[0.028, 0.047]","[0, 0, 1]","[0.021, 0.027]"
"[1, 0, 0]","[0.013, 0.033, 0.013]","[0, 1, 0]",[0.026]
"[0, 0, 1]","[0.008, 0.009]","[1, 0, 0]","[0.018, 0.027, 0.018]"
"[0, 1, 0]",[0.007],"[0, 1, 0]",[0.01]
"[0, 0, 1]","[0.018, 0.019]","[0, 0, 1]","[0.021, 0.036]"
"[0, 0, 1]","[0.014, 0.047]","[0, 1, 0]",[0.014]
"[1, 0, 0]","[0.02, 0.019, 0.02]","[0, 1, 0]",[0.016]
"[0, 1, 0]",[0.026],"[1, 0, 0]","[0.012, 0.042, 0.012]"
"[0, 0, 1]","[0.005, 0.01]","[1, 0, 0]","[0.021, 0.06, 0.021]"
"[1, 0, 0]","[0.011, 0.042, 0.011]","[1, 0, 0]","[0.03, 0.021, 0.03]"
"[0, 1, 0]",[0.028],"[1, 0, 0]","[0.016, 0.013, 0.016]"
"[1, 0, 0]","[0.026, 0.048, 0.026]","[0, 0, 1]","[0.005, 0.022]"
"[0, 0, 1]","[0.02, 0.035]","[0, 0, 1]","[0.015, 0.032]"
"[0, 0, 1]","[0.023, 0.015]","[1, 0, 0]","[0.018, 0.028, 0.018]"
"[1, 0, 0]","[0.018, 0.048, 0.018]","[0, 0, 1]","[0.018, 0.007]"
"[0, 1, 0]",[0.006],"[0, 0, 1]","[0.012, 0.024]"
"[0, 0, 1]","[0.005, 0.033]","[0, 0, 1]","[0.008, 0.046]"
"[0, 0, 1]","[0.007, 0.015]","[0, 0, 1]","[0.006, 0.032]"
"[0, 1, 0]",[0.01],"[0, 0, 1]","[0.019, 0.053]"
"[0, 1, 0]",[0.029],"[1, 0, 0]","[0.012, 0.06, 0.012]"
"[0, 0, 1]","[0.005, 0.047]","[0, 0, 1]","[0.009, 0.019]"
"[0, 0, 1]","[0.009, 0.049]","[1, 0, 0]","[0.017, 0.061, 0.017]"
"[1, 0, 0]","[0.028, 0.013, 0.028]","[0, 1, 0]",[0.019]
"[0, 0, 1]","[0.021, 0.041]","[0, 1, 0]",[0.01]
"[0, 0, 1]","[0.024, 0.032]","[0, 1, 0]",[0.022]
"[1, 0, 0]","[0.007, 0.062, 0.007]","[1, 0, 0]","[0.013, 0.05, 0.013]"
"[1, 0, 0]","[0.011, 0.034, 0.011]","[0, 1, 0]",[0.015]
"[0, 1, 0]",[0.009],"[1, 0, 0]","[0.02, 0.043, 0.02]"
"[1, 0, 0]","[0.027, 0.03, 0.027]","[0, 0, 1]","[0.029, 0.01]"
"[1, 0, 0]","[0.027, 0.042, 0.027]","[0, 1, 0]",[0.006]
"[1, 0, 0]","[0.007, 0.025, 0.007]","[0, 0, 1]","[0.028, 0.034]"
"[0, 0, 1]","[0.011, 0.015]","[0, 0, 1]","[0.027, 0.015]"
"[0, 0, 1]","[0.016, 0.019]","[0, 1, 0]",[0.013]
"[0, 0, 1]","[0.028, 0.053]","[0, 0, 1]","[0.026, 0.008]"
"[0, 0, 1]","[0.023, 0.044]","[1, 0, 0]","[0.023, 0.012, 0.023]"
"[0, 1, 0]",[0.019],"[0, 1, 0]",[0.024]
"[1, 0, 0]","[0.026, 0.044, 0.026]","[1, 0, 0]","[0.026, 0.016, 0.026]"
"[0, 0, 1]","[0.027, 0.01]","[0, 1, 0]",[0.025]
"[0, 1, 0]",[0.018],"[0, 1, 0]",[0.025]
"[1, 0, 0]","[0.017, 0.008, 0.017]","[0, 1, 0]",[0.017]
"[0, 1, 0]",[0.012],"[1, 0, 0]","[0.02, 0.035, 0.02]"
"[0, 0, 1]","[0.016, 0.05]","[0, 0, 1]","[0.027, 0.012]"
"[1, 0, 0]","[0.008, 0.046, 0.008]","[0, 0, 1]","[0.014, 0.035]"
"[0, 1, 0]",[0.016],"[0, 1, 0]",[0.016]
"[1, 0, 0]","[0.023, 0.008, 0.023]","[1, 0, 0]","[0.006, 0.053, 0.006]"
"[1, 0, 0]","[0.01, 0.057, 0.01]","[0, 0, 1]","[0.016, 0.012]"
"[0, 1, 0]",[0.026],"[1, 0, 0]","[0.015, 0.021, 0.015]"
"[1, 0, 0]","[0.022, 0.042, 0.022]","[0, 1, 0]",[0.027]
"[1, 0, 0]","[0.008, 0.051, 0.008]","[0, 1, 0]",[0.015]
"[0, 0, 1]","[0.023, 0.047]","[1, 0, 0]","[0.029, 0.058, 0.029]"
"[1, 0, 0]","[0.026, 0.061, 0.026]","[0, 0, 1]","[0.023, 0.006]"
"[0, 0, 1]","[0.007, 0.027]","[0, 0, 1]","[0.015, 0.021]"
"[0, 0, 1]","[0.017, 0.007]","[1, 0, 0]","[0.008, 0.055, 0.008]"
"[1, 0, 0]","[0.029, 0.04, 0.029]","[1, 0, 0]","[0.025, 0.052, 0.025]"
"[1, 0, 0]","[0.02, 0.043, 0.02]","[1, 0, 0]","[0.024, 0.01, 0.024]"
"[1, 0, 0]","[0.013, 0.03, 0.013]","[0, 1, 0]",[0.011]
"[0, 0, 1]","[0.006, 0.019]","[1, 0, 0]","[0.024, 0.041, 0.024]"
"[1, 0, 0]","[0.022, 0.024, 0.022]","[0, 1, 0]",[0.014]
"[1, 0, 0]","[0.019, 0.025, 0.019]","[0, 0, 1]","[0.012, 0.045]"
"[0, 1, 0]",[0.01],"[1, 0, 0]","[0.012, 0.06, 0.012]"
"[1, 0, 0]","[0.009, 0.027, 0.009]","[0, 1, 0]",[0.012]
"[0, 0, 1]","[0.023, 0.017]","[0, 0, 1]","[0.012, 0.024]"
"[1, 0, 0]","[0.014, 0.029, 0.014]","[0, 1, 0]",[0.023]
"[1, 0, 0]","[0.022, 0.028, 0.022]","[1, 0, 0]","[0.006, 0.054, 0.006]"
"[0, 0, 1]","[0.009, 0.05]","[0, 0, 1]","[0.018, 0.026]"
"[0, 0, 1]","[0.006, 0.052]","[1, 0, 0]","[0.028, 0.041, 0.028]"
"[0, 1, 0]",[0.005],"[0, 0, 1]","[0.008, 0.054]"
"[0, 0, 1]","[0.015, 0.052]","[1, 0, 0]","[0.027, 0.016, 0.027]"
"[0, 1, 0]",[0.016],"[0, 0, 1]","[0.007, 0.005]"
"[0, 1, 0]",[0.006],"[1, 0, 0]","[0.027, 0.051, 0.027]"
"[0, 0, 1]","[0.022, 0.018]","[1, 0, 0]","[0.01, 0.025, 0.01]"
"[0, 0, 1]","[0.029, 0.013]","[1, 0, 0]","[0.007, 0.054, 0.007]"
"[1, 0, 0]","[0.014, 0.009, 0.014]","[0, 1, 0]",[0.015]
"[1, 0, 0]","[0.025, 0.015, 0.025]","[0, 1, 0]",[0.021]
"[0, 0, 1]","[0.019, 0.038]","[0, 0, 1]","[0.011, 0.007]"
"[0, 1, 0]",[0.025],"[1, 0, 0]","[0.009, 0.015, 0.009]"
"[0, 1, 0]",[0.017],"[0, 0, 1]","[0.03, 0.02]"
"[0, 0, 1]","[0.027, 0.01]","[0, 1, 0]",[0.007]
"[0, 0, 1]","[0.018, 0.054]","[0, 0, 1]","[0.011, 0.05]"
"[0, 1, 0]",[0.013],"[1, 0, 0]","[0.026, 0.054, 0.026]"
"[1, 0, 0]","[0.023, 0.055, 0.023]","[0, 1, 0]",[0.008]
"[1, 0, 0]","[0.008, 0.027, 0.008]","[1, 0, 0]","[0.029, 0.025, 0.029]"
"[0, 0, 1]","[0.024, 0.047]","[0, 0, 1]","[0.016, 0.031]"
"[1, 0, 0]","[0.01, 0.027, 0.01]","[1, 0, 0]","[0.022, 0.023, 0.022]"
"[0, 0, 1]","[0.012, 0.058]","[0, 1, 0]",[0.026]
"[0, 0, 1]","[0.01, 0.007]","[0, 1, 0]",[0.023]
"[0, 0, 1]","[0.022, 0.053]","[1, 0, 0]","[0.022, 0.006, 0.022]"
"[1, 0, 0]","[0.006, 0.054, 0.006]","[0, 0, 1]","[0.017, 0.015]"
"[1, 0, 0]","[0.01, 0.023, 0.01]","[0, 0, 1]","[0.021, 0.036]"
"[1, 0, 0]","[0.018, 0.01, 0.018]","[1, 0, 0]","[0.026, 0.038, 0.026]"
"[0, 0, 1]","[0.026, 0.014]","[0, 0, 1]","[0.023, 0.045]"
"[0, 1, 0]",[0.014],"[0, 1, 0]",[0.021]
"[1, 0, 0]","[0.019, 0.029, 0.019]","[0, 1, 0]",[0.03]
"[0, 0, 1]","[0.019, 0.01]","[1, 0, 0]","[0.028, 0.044, 0.028]"
"[0, 1, 0]",[0.012],"[0, 0, 1]","[0.029, 0.021]"
"[0, 0, 1]","[0.016, 0.048]","[1, 0, 0]","[0.028, 0.031, 0.028]"
"[0, 0, 1]","[0.024, 0.027]","[0, 0, 1]","[0.011, 0.029]"
"[0, 1, 0]",[0.021],"[1, 0, 0]","[0.017, 0.062, 0.017]"
"[0, 0, 1]","[0.022, 0.05]","[1, 0, 0]","[0.008, 0.027, 0.008]"
"[1, 0, 0]","[0.017, 0.014, 0.017]","[1, 0, 0]","[0.02, 0.036, 0.02]"
"[0, 0, 1]","[0.019, 0.033]","[1, 0, 0]","[0.014, 0.02, 0.014]"
"[0, 1, 0]",[0.016],"[0, 1, 0]",[0.018]
"[0, 0, 1]","[0.019, 0.019]","[0, 1, 0]",[0.008]
"[0, 0, 1]","[0.007, 0.058]","[0, 1, 0]",[0.006]
"[0, 0, 1]","[0.024, 0.02]","[0, 1, 0]",[0.011]
"[0, 1, 0]",[0.03],"[0, 1, 0]",[0.01]
"[1, 0, 0]","[0.011, 0.05, 0.011]","[0, 1, 0]",[0.029]
"[0, 1, 0]",[0.014],"[0, 1, 0]",[0.024]
"[1, 0, 0]","[0.021, 0.026, 0.021]","[0, 1, 0]",[0.012]
"[1, 0, 0]","[0.019, 0.01, 0.019]","[1, 0, 0]","[0.025, 0.037, 0.025]"
"[0, 0, 1]","[0.006, 0.033]","[0, 0, 1]","[0.021, 0.037]"
"[0, 0, 1]","[0.014, 0.054]","[0, 1, 0]",[0.006]
"[1, 0, 0]","[0.011, 0.06, 0.011]","[0, 1, 0]",[0.008]
"[0, 0, 1]","[0.021, 0.007]","[0, 0, 1]","[0.024, 0.044]"
"[0, 0, 1]","[0.03, 0.04]","[1, 0, 0]","[0.011, 0.023, 0.011]"
"[0, 0, 1]","[0.02, 0.044]","[0, 1, 0]",[0.023]
"[0, 1, 0]",[0.018],"[1, 0, 0]","[0.025, 0.036, 0.025]"
"[1, 0, 0]","[0.017, 0.056, 0.017]","[1, 0, 0]","[0.018, 0.022, 0.018]"
"[1, 0, 0]","[0.006, 0.042, 0.006]","[1, 0, 0]","[0.009, 0.031, 0.009]"
"[0, 0, 1]","[0.011, 0.049]","[0, 1, 0]",[0.012]
"[0, 0, 1]","[0.028, 0.03]","[1, 0, 0]","[0.007, 0.009, 0.007]"
"[1, 0, 0]","[0.006, 0.037, 0.006]","[0, 1, 0]",[0.03]
"[0, 0, 1]","[0.006, 0.045]","[1, 0, 0]","[0.015, 0.025, 0.015]"
"[1, 0, 0]","[0.009, 0.024, 0.009]","[0, 1, 0]",[0.007]
"[1, 0, 0]","[0.01, 0.057, 0.01]","[0, 1, 0]",[0.025]
"[0, 1, 0]",[0.018],"[0, 0, 1]","[0.029, 0.052]"
"[0, 0, 1]","[0.009, 0.027]","[0, 1, 0]",[0.028]
"[0, 1, 0]",[0.01],"[0, 1, 0]",[0.017]
"[0, 0, 1]","[0.016, 0.06]","[0, 1, 0]",[0.024]
"[1, 0, 0]","[0.021, 0.041, 0.021]","[0, 0, 1]","[0.007, 0.026]"
"[0, 1, 0]",[0.019],"[0, 1, 0]",[0.021]
"[0, 0, 1]","[0.026, 0.041]","[1, 0, 0]","[0.015, 0.005, 0.015]"
"[0, 1, 0]",[0.012],"[0, 0, 1]","[0.013, 0.036]"
"[0, 0, 1]","[0.021, 0.044]","[0, 1, 0]",[0.024]
"[0, 1, 0]",[0.022],"[0, 0, 1]","[0.007, 0.054]"
"[0, 1, 0]",[0.025],"[0, 1, 0]",[0.019]
"[0, 0, 1]","[0.015, 0.022]","[0, 0, 1]","[0.018, 0.044]"
"[1, 0, 0]","[0.014, 0.034, 0.014]","[1, 0, 0]","[0.024, 0.009, 0.024]"
"[0, 0, 1]","[0.025, 0.055]","[1, 0, 0]","[0.023, 0.022, 0.023]"
"[1, 0, 0]","[0.018, 0.016, 0.018]","[0, 0, 1]","[0.011, 0.044]"
"[1, 0, 0]","[0.012, 0.051, 0.012]","[1, 0, 0]","[0.011, 0.031, 0.011]"
"[0, 0, 1]","[0.016, 0.049]","[0, 0, 1]","[0.022, 0.011]"
"[0, 0, 1]","[0.008, 0.038]","[0, 0, 1]","[0.016, 0.022]"
"[1, 0, 0]","[0.007, 0.053, 0.007]","[0, 1, 0]",[0.006]
"[0, 0, 1]","[0.022, 0.014]","[0, 1, 0]",[0.009]
"[1, 0, 0]","[0.029, 0.041, 0.029]","[1, 0, 0]","[0.018, 0.037, 0.018]"
"[0, 0, 1]","[0.023, 0.034]","[1, 0, 0]","[0.01, 0.011, 0.01]"
"[1, 0, 0]","[0.018, 0.01, 0.018]","[1, 0, 0]","[0.029, 0.044, 0.029]"
"[1, 0, 0]","[0.029, 0.011, 0.029]","[0, 0, 1]","[0.017, 0.035]"
"[0, 0, 1]","[0.026, 0.058]","[1, 0, 0]","[0.023, 0.043, 0.023]"
"[0, 1, 0]",[0.008],"[1, 0, 0]","[0.025, 0.029, 0.025]"
"[1, 0, 0]","[0.021, 0.033, 0.021]","[0, 0, 1]","[0.03, 0.013]"
"[1, 0, 0]","[0.017, 0.026, 0.017]","[0, 1, 0]",[0.012]
"[0, 0, 1]","[0.006, 0.008]","[0, 1, 0]",[0.026]
"[1, 0, 0]","[0.026, 0.046, 0.026]","[0, 1, 0]",[0.022]
"[0, 1, 0]",[0.023],"[0, 1, 0]",[0.026]
"[1, 0, 0]","[0.017, 0.035, 0.017]","[1, 0, 0]","[0.016, 0.015, 0.016]"
"[1, 0, 0]","[0.025, 0.026, 0.025]","[0, 1, 0]",[0.01]
"[0, 0, 1]","[0.013, 0.046]","[1, 0, 0]","[0.021, 0.053, 0.021]"
"[0, 0, 1]","[0.01, 0.012]","[0, 1, 0]",[0.026]
"[0, 1, 0]",[0.006],"[1, 0, 0]","[0.009, 0.054, 0.009]"
"[0, 1, 0]",[0.016],"[0, 0, 1]","[0.025, 0.006]"
"[0, 0, 1]","[0.008, 0.02]","[1, 0, 0]","[0.021, 0.059, 0.021]"
"[1, 0, 0]","[0.029, 0.048, 0.029]","[1, 0, 0]","[0.011, 0.014, 0.011]"
"[0, 1, 0]",[0.014],"[0, 0, 1]","[0.024, 0.059]"
"[0, 1, 0]",[0.013],"[1, 0, 0]","[0.021, 0.06, 0.021]"
"[0, 1, 0]",[0.029],"[0, 0, 1]","[0.007, 0.042]"
"[0, 0, 1]","[0.007, 0.022]","[0, 0, 1]","[0.016, 0.036]"
"[0, 1, 0]",[0.028],"[0, 1, 0]",[0.018]
"[1, 0, 0]","[0.023, 0.026, 0.023]","[0, 1, 0]",[0.025]
"[0, 1, 0]",[0.017],"[1, 0, 0]","[0.016, 0.026, 0.016]"
"[0, 1, 0]",[0.012],"[0, 0, 1]","[0.02, 0.048]"
"[1, 0, 0]","[0.014, 0.023, 0.014]","[0, 1, 0]",[0.023]
"[0, 1, 0]",[0.014],"[0, 0, 1]","[0.01, 0.031]"
"[0, 0, 1]","[0.028, 0.035]","[0, 1, 0]",[0.007]
"[0, 1, 0]",[0.022],"[1, 0, 0]","[0.009, 0.062, 0.009]"
"[0, 1, 0]",[0.028],"[0, 0, 1]","[0.016, 0.03]"
"[1, 0, 0]","[0.011, 0.02, 0.011]","[0, 1, 0]",[0.023]
"[0, 0, 1]","[0.011, 0.011]","[1, 0, 0]","[0.02, 0.021, 0.02]"
"[0, 1, 0]",[0.019],"[0, 1, 0]",[0.007]
"[0, 1, 0]",[0.011],"[1, 0, 0]","[0.015, 0.055, 0.015]"
"[0, 0, 1]","[0.029, 0.034]","[1, 0, 0]","[0.027, 0.051, 0.027]"
"[0, 1, 0]",[0.018],"[1, 0, 0]","[0.013, 0.049, 0.013]"
"[0, 1, 0]",[0.019],"[0, 1, 0]",[0.021]
"[0, 1, 0]",[0.017],"[1, 0, 0]","[0.025, 0.013, 0.025]"
"[0, 1, 0]",[0.023],"[0, 1, 0]",[0.02]
"[0, 0, 1]","[0.008, 0.026]","[0, 0, 1]","[0.023, 0.038]"
"[0, 0, 1]","[0.019, 0.056]","[0, 1, 0]",[0.016]
"[0, 0, 1]","[0.027, 0.037]","[1, 0, 0]","[0.02, 0.062, 0.02]"
"[0, 1, 0]",[0.028],"[1, 0, 0]","[0.027, 0.029, 0.027]"
"[0, 0, 1]","[0.018, 0.054]","[0, 0, 1]","[0.016, 0.042]"
"[1, 0, 0]","[0.013, 0.013, 0.013]","[1, 0, 0]","[0.029, 0.015, 0.029]"
"[0, 1, 0]",[0.008],"[1, 0, 0]","[0.015, 0.013, 0.015]"
"[0, 1, 0]",[0.015],"[0, 0, 1]","[0.012, 0.03]"
"[1, 0, 0]","[0.02, 0.005, 0.02]","[0, 1, 0]",[0.015]
"[1, 0, 0]","[0.015, 0.05, 0.015]","[1, 0, 0]","[0.027, 0.055, 0.027]"
"[0, 0, 1]","[0.012, 0.016]","[1, 0, 0]","[0.026, 0.045, 0.026]"
"[0, 0, 1]","[0.026, 0.043]","[0, 1, 0]",[0.023]
"[1, 0, 0]","[0.021, 0.022, 0.021]","[0, 0, 1]","[0.026, 0.059]"
"[1, 0, 0]","[0.026, 0.025, 0.026]","[1, 0, 0]","[0.025, 0.014, 0.025]"
"[0, 1, 0]",[0.022],"[0, 0, 1]","[0.025, 0.038]"
"[1, 0, 0]","[0.021, 0.032, 0.021]","[0, 1, 0]",[0.016]
"[0, 0, 1]","[0.008, 0.06]","[1, 0, 0]","[0.016, 0.007, 0.016]"
"[0, 0, 1]","[0.021, 0.059]","[1, 0, 0]","[0.025, 0.059, 0.025]"
"[0, 1, 0]",[0.012],"[1, 0, 0]","[0.009, 0.06, 0.009]"
"[0, 0, 1]","[0.024, 0.013]","[0, 0, 1]","[0.012, 0.008]"
"[0, 1, 0]",[0.011],"[1, 0, 0]","[0.02, 0.057, 0.02]"
"[0, 1, 0]",[0.007],"[0, 1, 0]",[0.018]
"[1, 0, 0]","[0.011, 0.054, 0.011]","[0, 0, 1]","[0.017, 0.023]"
"[0, 1, 0]",[0.017],"[0, 1, 0]",[0.012]
"[0, 0, 1]","[0.028, 0.02]","[1, 0, 0]","[0.021, 0.046, 0.021]"
"[1, 0, 0]","[0.012, 0.007, 0.012]","[0, 1, 0]",[0.012]
"[1, 0, 0]","[0.016, 0.044, 0.016]","[1, 0, 0]","[0.008, 0.017, 0.008]"
"[0, 1, 0]",[0.014],"[0, 1, 0]",[0.025]
"[1, 0, 0]","[0.009, 0.015, 0.009]","[0, 0, 1]","[0.015, 0.057]"
"[1, 0, 0]","[0.005, 0.061, 0.005]","[0, 0, 1]","[0.008, 0.014]"
"[0, 0, 1]","[0.019, 0.04]","[1, 0, 0]","[0.011, 0.052, 0.011]"
"[0, 0, 1]","[0.017, 0.011]","[0, 1, 0]",[0.018]
"[0, 1, 0]",[0.026],"[0, 0, 1]","[0.029, 0.042]"
"[0, 1, 0]",[0.021],"[0, 0, 1]","[0.024, 0.053]"
"[1, 0, 0]","[0.016, 0.026, 0.016]","[1, 0, 0]","[0.011, 0.036, 0.011]"
"[0, 1, 0]",[0.015],"[0, 1, 0]",[0.028]
"[1, 0, 0]","[0.029, 0.022, 0.029]","[0, 1, 0]",[0.015]
"[0, 0, 1]","[0.017, 0.057]","[1, 0, 0]","[0.029, 0.057, 0.029]"
"[1, 0, 0]","[0.009, 0.047, 0.009]","[0, 0, 1]","[0.025, 0.032]"
"[0, 1, 0]",[0.02],"[0, 0, 1]","[0.029, 0.027]"
"[1, 0, 0]","[0.012, 0.035, 0.012]","[1, 0, 0]","[0.006, 0.06, 0.006]"
"[0, 0, 1]","[0.021, 0.043]","[0, 0, 1]","[0.012, 0.051]"
"[1, 0, 0]","[0.027, 0.054, 0.027]","[0, 1, 0]",[0.013]
"[0, 1, 0]",[0.011],"[1, 0, 0]","[0.013, 0.032, 0.013]"
"[0, 0, 1]","[0.007, 0.034]","[1, 0, 0]","[0.021, 0.036, 0.021]"
"[0, 0, 1]","[0.009, 0.022]","[1, 0, 0]","[0.026, 0.015, 0.026]"
"[0, 1, 0]",[0.015],"[1, 0, 0]","[0.019, 0.053, 0.019]"
"[1, 0, 0]","[0.028, 0.037, 0.028]","[0, 0, 1]","[0.022, 0.038]"
"[0, 0, 1]","[0.021, 0.054]","[1, 0, 0]","[0.024, 0.049, 0.024]"
"[1, 0, 0]","[0.007, 0.018, 0.007]","[0, 0, 1]","[0.007, 0.022]"
"[1, 0, 0]","[0.023, 0.023, 0.023]","[0, 0, 1]","[0.007, 0.042]"
"[1, 0, 0]","[0.01, 0.011, 0.01]","[0, 1, 0]",[0.025]
"[1, 0, 0]","[0.027, 0.042, 0.027]","[0, 0, 1]","[0.027, 0.044]"
"[0, 1, 0]",[0.013],"[0, 1, 0]",[0.017]
"[0, 0, 1]","[0.009, 0.039]","[0, 1, 0]",[0.014]
"[1, 0, 0]","[0.024, 0.03, 0.024]","[1, 0, 0]","[0.013, 0.028, 0.013]"
"[1, 0, 0]","[0.02, 0.058, 0.02]","[0, 1, 0]",[0.024]
"[0, 1, 0]",[0.024],"[0, 1, 0]",[0.015]
"[0, 0, 1]","[0.007, 0.025]","[0, 1, 0]",[0.022]
"[0, 1, 0]",[0.014],"[0, 1, 0]",[0.017]
"[0, 0, 1]","[0.005, 0.021]","[0, 1, 0]",[0.013]
"[0, 0, 1]","[0.02, 0.029]","[1, 0, 0]","[0.01, 0.047, 0.01]"
"[1, 0, 0]","[0.014, 0.007, 0.014]","[1, 0, 0]","[0.007, 0.038, 0.007]"
"[1, 0, 0]","[0.022, 0.009, 0.022]","[1, 0, 0]","[0.011, 0.027, 0.011]"
"[0, 1, 0]",[0.016],"[0, 1, 0]",[0.01]
"[0, 1, 0]",[0.015],"[0, 0, 1]","[0.014, 0.023]"
"[0, 1, 0]",[0.012],"[0, 0, 1]","[0.016, 0.006]"
"[0, 1, 0]",[0.027],"[0, 1, 0]",[0.026]
"[0, 1, 0]",[0.019],"[1, 0, 0]","[0.022, 0.056, 0.022]"
"[1, 0, 0]","[0.012, 0.058, 0.012]","[1, 0, 0]","[0.024, 0.059, 0.024]"
"[0, 1, 0]",[0.019],"[1, 0, 0]","[0.012, 0.049, 0.012]"
"[1, 0, 0]","[0.026, 0.024, 0.026]","[1, 0, 0]","[0.018, 0.045, 0.018]"
"[0, 0, 1]","[0.03, 0.028]","[0, 1, 0]",[0.012]
"[0, 0, 1]","[0.022, 0.018]","[0, 1, 0]",[0.023]
"[1, 0, 0]","[0.028, 0.01, 0.028]","[0, 0, 1]","[0.015, 0.01]"
"[0, 1, 0]",[0.015],"[1, 0, 0]","[0.018, 0.054, 0.018]"
"[1, 0, 0]","[0.005, 0.052, 0.005]","[1, 0, 0]","[0.029, 0.012, 0.029]"
"[1, 0, 0]","[0.016, 0.011, 0.016]","[0, 0, 1]","[0.019, 0.057]"
"[0, 1, 0]",[0.014],"[0, 1, 0]",[0.014]
"[1, 0, 0]","[0.007, 0.011, 0.007]","[1, 0, 0]","[0.016, 0.028, 0.016]"
"[0, 0, 1]","[0.017, 0.007]","[0, 0, 1]","[0.011, 0.031]"
"[1, 0, 0]","[0.01, 0.018, 0.01]","[0, 1, 0]",[0.008]
"[0, 0, 1]","[0.011, 0.016]","[1, 0, 0]","[0.018, 0.016, 0.018]"
"[0, 0, 1]","[0.013, 0.011]","[0, 0, 1]","[0.014, 0.019]"
"[0, 1, 0]",[0.025],"[0, 0, 1]","[0.03, 0.012]"
"[0, 1, 0]",[0.023],"[1, 0, 0]","[0.023, 0.045, 0.023]"
"[1, 0, 0]","[0.022, 0.038, 0.022]","[1, 0, 0]","[0.028, 0.044, 0.028]"
"[1, 0, 0]","[0.016, 0.047, 0.016]","[0, 1, 0]",[0.027]
"[0, 1, 0]",[0.027],"[0, 1, 0]",[0.014]
"[0, 1, 0]",[0.029],"[0, 0, 1]","[0.011, 0.02]"
"[0, 0, 1]","[0.024, 0.06]","[0, 1, 0]",[0.009]
"[1, 0, 0]","[0.006, 0.062, 0.006]","[1, 0, 0]","[0.016, 0.055, 0.016]"
"[0, 0, 1]","[0.017, 0.015]","[0, 1, 0]",[0.025]
"[0, 1, 0]",[0.006],"[0, 1, 0]",[0.016]
"[0, 1, 0]",[0.008],"[1, 0, 0]","[0.015, 0.032, 0.015]"
"[0, 1, 0]",[0.026],"[0, 0, 1]","[0.019, 0.033]"
"[0, 0, 1]","[0.016, 0.046]","[0, 0, 1]","[0.025, 0.042]"
"[0, 1, 0]",[0.021],"[0, 1, 0]",[0.017]
"[0, 1, 0]",[0.029],"[0, 0, 1]","[0.014, 0.029]"
"[1, 0, 0]","[0.028, 0.054, 0.028]","[0, 0, 1]","[0.008, 0.012]"
"[0, 0, 1]","[0.014, 0.056]","[1, 0, 0]","[0.012, 0.055, 0.012]"
"[1, 0, 0]","[0.008, 0.034, 0.008]","[0, 1, 0]",[0.009]
"[1, 0, 0]","[0.021, 0.02, 0.021]","[1, 0, 0]","[0.008, 0.008, 0.008]"
"[0, 0, 1]","[0.013, 0.009]","[1, 0, 0]","[0.023, 0.034, 0.023]"
"[0, 1, 0]",[0.022],"[0, 0, 1]","[0.006, 0.007]"
"[0, 1, 0]",[0.023],"[0, 0, 1]","[0.029, 0.037]"
"[1, 0, 0]","[0.028, 0.028, 0.028]","[1, 0, 0]","[0.023, 0.017, 0.023]"
"[0, 1, 0]",[0.02],"[0, 1, 0]",[0.024]
"[0, 1, 0]",[0.011],"[0, 0, 1]","[0.01, 0.04]"
"[0, 1, 0]",[0.023],"[1, 0, 0]","[0.006, 0.044, 0.006]"
"[1, 0, 0]","[0.029, 0.015, 0.029]","[0, 0, 1]","[0.012, 0.044]"
"[1, 0, 0]","[0.019, 0.037, 0.019]","[0, 1, 0]",[0.01]
"[0, 1, 0]",[0.024],"[0, 1, 0]",[0.019]
"[0, 1, 0]",[0.01],"[0, 1, 0]",[0.018]
"[0, 0, 1]","[0.008, 0.049]","[1, 0, 0]","[0.023, 0.034, 0.023]"
"[0, 0, 1]","[0.027, 0.033]","[0, 1, 0]",[0.025]
"[1, 0, 0]","[0.024, 0.043, 0.024]","[0, 0, 1]","[0.005, 0.051]"
"[0, 1, 0]",[0.01],"[1, 0, 0]","[0.013, 0.015, 0.013]"
"[0, 1, 0]",[0.03],"[0, 1, 0]",[0.011]
"[0, 0, 1]","[0.009, 0.049]","[1, 0, 0]","[0.026, 0.04, 0.026]"
"[0, 0, 1]","[0.017, 0.017]","[0, 1, 0]",[0.026]
"[0, 0, 1]","[0.028, 0.045]","[0, 0, 1]","[0.025, 0.052]"
"[1, 0, 0]","[0.017, 0.011, 0.017]","[0, 1, 0]",[0.008]
"[0, 1, 0]",[0.011],"[0, 1, 0]",[0.029]
"[0, 0, 1]","[0.015, 0.043]","[0, 1, 0]",[0.016]
"[1, 0, 0]","[0.012, 0.019, 0.012]","[0, 1, 0]",[0.007]
"[0, 0, 1]","[0.022, 0.029]","[1, 0, 0]","[0.008, 0.029, 0.008]"
"[0, 0, 1]","[0.029, 0.028]","[0, 0, 1]","[0.019, 0.043]"
"[1, 0, 0]","[0.023, 0.032, 0.023]","[0, 1, 0]",[0.015]
"[0, 0, 1]","[0.024, 0.051]","[1, 0, 0]","[0.005, 0.036, 0.005]"
"[0, 1, 0]",[0.018],"[1, 0, 0]","[0.024, 0.052, 0.024]"
"[0, 0, 1]","[0.028, 0.017]","[0, 0, 1]","[0.006, 0.042]"
"[0, 0, 1]","[0.009, 0.007]","[1, 0, 0]","[0.023, 0.006, 0.023]"
"[0, 1, 0]",[0.012],"[1, 0, 0]","[0.017, 0.057, 0.017]"
"[0, 0, 1]","[0.021, 0.061]","[0, 1, 0]",[0.012]
"[1, 0, 0]","[0.021, 0.053, 0.021]","[1, 0, 0]","[0.013, 0.02, 0.013]"
"[1, 0, 0]","[0.013, 0.007, 0.013]","[1, 0, 0]","[0.013, 0.03, 0.013]"
"[1, 0, 0]","[0.025, 0.052, 0.025]","[0, 0, 1]","[0.029, 0.062]"
"[1, 0, 0]","[0.024, 0.041, 0.024]","[0, 1, 0]",[0.011]
"[1, 0, 0]","[0.026, 0.061, 0.026]","[0, 0, 1]","[0.025, 0.025]"
"[0, 0, 1]","[0.029, 0.017]","[0, 0, 1]","[0.005, 0.015]"
"[0, 0, 1]","[0.012, 0.045]","[0, 1, 0]",[0.012]
"[0, 0, 1]","[0.008, 0.038]","[0, 0, 1]","[0.02, 0.062]"
"[1, 0, 0]","[0.019, 0.025, 0.019]","[1, 0, 0]","[0.01, 0.028, 0.01]"
"[0, 0, 1]","[0.007, 0.027]","[0, 0, 1]","[0.028, 0.022]"
"[1, 0, 0]","[0.016, 0.007, 0.016]","[0, 0, 1]","[0.013, 0.022]"
"[1, 0, 0]","[0.012, 0.061, 0.012]","[0, 0, 1]","[0.018, 0.041]"
"[1, 0, 0]","[0.023, 0.034, 0.023]","[0, 0, 1]","[0.016, 0.027]"
"[0, 1, 0]",[0.011],"[1, 0, 0]","[0.006, 0.057, 0.006]"
"[0, 1, 0]",[0.021],"[0, 0, 1]","[0.024, 0.051]"
"[0, 0, 1]","[0.01, 0.01]","[0, 1, 0]",[0.016]
"[1, 0, 0]","[0.005, 0.01, 0.005]","[0, 1, 0]",[0.016]
"[0, 1, 0]",[0.015],"[1, 0, 0]","[0.017, 0.008, 0.017]"
"[0, 0, 1]","[0.023, 0.046]","[0, 1, 0]",[0.015]
"[0, 1, 0]",[0.014],"[1, 0, 0]","[0.011, 0.044, 0.011]"
"[1, 0, 0]","[0.012, 0.037, 0.012]","[0, 1, 0]",[0.027]
"[1, 0, 0]","[0.012, 0.019, 0.012]","[1, 0, 0]","[0.028, 0.055, 0.028]"
"[1, 0, 0]","[0.016, 0.017, 0.016]","[0, 1, 0]",[0.005]
"[0, 1, 0]",[0.012],"[0, 0, 1]","[0.02, 0.039]"
"[0, 0, 1]","[0.011, 0.019]","[1, 0, 0]","[0.007, 0.062, 0.007]"
"[1, 0, 0]","[0.009, 0.025, 0.009]","[0, 1, 0]",[0.01]
"[1, 0, 0]","[0.025, 0.057, 0.025]","[0, 0, 1]","[0.023, 0.041]"
"[1, 0, 0]","[0.028, 0.04, 0.028]","[0, 1, 0]",[0.013]
"[0, 0, 1]","[0.028, 0.017]","[1, 0, 0]","[0.01, 0.047, 0.01]"
"[1, 0, 0]","[0.01, 0.032, 0.01]","[0, 1, 0]",[0.028]
"[0, 0, 1]","[0.017, 0.014]","[0, 0, 1]","[0.029, 0.059]"
"[0, 0, 1]","[0.024, 0.059]","[1, 0, 0]","[0.026, 0.037, 0.026]"
"[0, 1, 0]",[0.027],"[0, 1, 0]",[0.018]
"[0, 0, 1]","[0.027, 0.03]","[1, 0, 0]","[0.016, 0.008, 0.016]"
"[0, 1, 0]",[0.007],"[0, 1, 0]",[0.009]
"[0, 1, 0]",[0.008],"[0, 1, 0]",[0.026]
"[0, 1, 0]",[0.013],"[1, 0, 0]","[0.026, 0.05, 0.026]"
"[1, 0, 0]","[0.01, 0.034, 0.01]","[0, 1, 0]",[0.026]
"[1, 0, 0]","[0.026, 0.039, 0.026]","[0, 1, 0]",[0.007]
"[1, 0, 0]","[0.024, 0.049, 0.024]","[1, 0, 0]","[0.018, 0.024, 0.018]"
"[0, 0, 1]","[0.018, 0.046]","[1, 0, 0]","[0.029, 0.034, 0.029]"
"[1, 0, 0]","[0.012, 0.04, 0.012]","[0, 0, 1]","[0.022, 0.018]"
"[0, 0, 1]","[0.015, 0.057]","[0, 0, 1]","[0.022, 0.033]"
"[0, 1, 0]",[0.03],"[1, 0, 0]","[0.024, 0.035, 0.024]"
"[0, 1, 0]",[0.019],"[0, 1, 0]",[0.017]
"[1, 0, 0]","[0.019, 0.045, 0.019]","[1, 0, 0]","[0.03, 0.033, 0.03]"
"[0, 1, 0]",[0.014],"[0, 1, 0]",[0.023]
"[0, 0, 1]","[0.017, 0.032]","[0, 0, 1]","[0.013, 0.024]"
"[1, 0, 0]","[0.01, 0.044, 0.01]","[1, 0, 0]","[0.01, 0.059, 0.01]"
"[1, 0, 0]","[0.018, 0.047, 0.018]","[0, 1, 0]",[0.024]
"[0, 1, 0]",[0.017],"[0, 0, 1]","[0.027, 0.043]"
"[0, 0, 1]","[0.012, 0.057]","[0, 1, 0]",[0.008]
"[1, 0, 0]","[0.01, 0.054, 0.01]","[0, 0, 1]","[0.021, 0.032]"
"[1, 0, 0]","[0.016, 0.052, 0.016]","[1, 0, 0]","[0.017, 0.055, 0.017]"
"[0, 0, 1]","[0.017, 0.035]","[1, 0, 0]","[0.013, 0.037, 0.013]"
"[1, 0, 0]","[0.023, 0.016, 0.023]","[1, 0, 0]","[0.019, 0.018, 0.019]"
"[0, 1, 0]",[0.01],"[0, 1, 0]",[0.016]
"[1, 0, 0]","[0.009, 0.053, 0.009]","[0, 1, 0]",[0.013]
"[0, 0, 1]","[0.021, 0.017]","[0, 0, 1]","[0.017, 0.01]"
"[0, 1, 0]",[0.018],"[0, 0, 1]","[0.019, 0.011]"
"[0, 1, 0]",[0.016],"[0, 0, 1]","[0.008, 0.052]"
"[0, 1, 0]",[0.018],"[0, 1, 0]",[0.03]
"[1, 0, 0]","[0.025, 0.034, 0.025]","[0, 0, 1]","[0.024, 0.014]"
"[0, 0, 1]","[0.025, 0.049]","[0, 0, 1]","[0.03, 0.053]"
"[0, 0, 1]","[0.017, 0.025]","[0, 1, 0]",[0.016]
"[1, 0, 0]","[0.024, 0.054, 0.024]","[0, 0, 1]","[0.015, 0.023]"
"[0, 0, 1]","[0.007, 0.052]","[0, 0, 1]","[0.016, 0.017]"
"[1, 0, 0]","[0.023, 0.018, 0.023]","[0, 0, 1]","[0.03, 0.023]"
"[1, 0, 0]","[0.016, 0.01, 0.016]","[1, 0, 0]","[0.013, 0.007, 0.013]"
"[1, 0, 0]","[0.021, 0.045, 0.021]","[0, 1, 0]",[0.01]
"[0, 0, 1]","[0.014, 0.037]","[1, 0, 0]","[0.019, 0.028, 0.019]"
"[0, 1, 0]",[0.026],"[0, 1, 0]",[0.021]
"[0, 0, 1]","[0.027, 0.014]","[1, 0, 0]","[0.025, 0.058, 0.025]"
"[0, 1, 0]",[0.012],"[0, 0, 1]","[0.014, 0.042]"
"[0, 1, 0]",[0.025],"[0, 0, 1]","[0.014, 0.061]"
"[1, 0, 0]","[0.011, 0.058, 0.011]","[0, 0, 1]","[0.02, 0.008]"
"[0, 0, 1]","[0.015, 0.061]","[0, 0, 1]","[0.015, 0.013]"
"[0, 1, 0]",[0.01],"[0, 1, 0]",[0.008]
"[0, 1, 0]",[0.025],"[0, 1, 0]",[0.027]
"[0, 0, 1]","[0.024, 0.038]","[0, 1, 0]",[0.017]
"[1, 0, 0]","[0.02, 0.036, 0.02]","[0, 1, 0]",[0.01]
"[0, 0, 1]","[0.028, 0.047]","[0, 1, 0]",[0.011]
"[0, 1, 0]",[0.015],"[1, 0, 0]","[0.007, 0.024, 0.007]"
"[0, 1, 0]",[0.017],"[0, 1, 0]",[0.022]
"[0, 0, 1]","[0.023, 0.055]","[1, 0, 0]","[0.011, 0.031, 0.011]"
"[1, 0, 0]","[0.023, 0.032, 0.023]","[0, 0, 1]","[0.029, 0.014]"
"[0, 0, 1]","[0.019, 0.051]","[0, 0, 1]","[0.01, 0.015]"
"[0, 1, 0]",[0.022],"[1, 0, 0]","[0.014, 0.022, 0.014]"
"[1, 0, 0]","[0.027, 0.005, 0.027]","[1, 0, 0]","[0.023, 0.059, 0.023]"
"[1, 0, 0]","[0.028, 0.052, 0.028]","[0, 0, 1]","[0.028, 0.011]"
"[1, 0, 0]","[0.024, 0.043, 0.024]","[0, 1, 0]",[0.01]
"[0, 1, 0]",[0.024],"[0, 1, 0]",[0.024]
"[1, 0, 0]","[0.023, 0.021, 0.023]","[0, 1, 0]",[0.019]
"[1, 0, 0]","[0.006, 0.01, 0.006]","[0, 1, 0]",[0.023]
"[1, 0, 0]","[0.025, 0.018, 0.025]","[1, 0, 0]","[0.012, 0.017, 0.012]"
"[0, 0, 1]","[0.029, 0.051]","[1, 0, 0]","[0.017, 0.044, 0.017]"
"[0, 0, 1]","[0.03, 0.06]","[0, 1, 0]",[0.028]
"[1, 0, 0]","[0.008, 0.021, 0.008]","[1, 0, 0]","[0.03, 0.05, 0.03]"
"[0, 0, 1]","[0.019, 0.025]","[0, 1, 0]",[0.006]
"[1, 0, 0]","[0.018, 0.018, 0.018]","[1, 0, 0]","[0.008, 0.06, 0.008]"
"[1, 0, 0]","[0.026, 0.031, 0.026]","[1, 0, 0]","[0.017, 0.028, 0.017]"
"[0, 1, 0]",[0.023],"[0, 1, 0]",[0.017]
"[0, 0, 1]","[0.01, 0.041]","[0, 0, 1]","[0.01, 0.043]"
"[0, 1, 0]",[0.016],"[1, 0, 0]","[0.011, 0.023, 0.011]"
"[0, 0, 1]","[0.01, 0.046]","[0, 1, 0]",[0.005]
"[0, 0, 1]","[0.019, 0.048]","[1, 0, 0]","[0.006, 0.053, 0.006]"
"[0, 1, 0]",[0.017],"[0, 1, 0]",[0.012]
"[0, 1, 0]",[0.012],"[1, 0, 0]","[0.029, 0.018, 0.029]"
"[0, 1, 0]",[0.024],"[1, 0, 0]","[0.009, 0.045, 0.009]"
"[1, 0, 0]","[0.009, 0.043, 0.009]","[1, 0, 0]","[0.023, 0.014, 0.023]"
"[0, 1, 0]",[0.024],"[1, 0, 0]","[0.005, 0.036, 0.005]"
"[0, 1, 0]",[0.019],"[0, 1, 0]",[0.017]
"[0, 1, 0]",[0.016],"[0, 0, 1]","[0.013, 0.033]"
"[1, 0, 0]","[0.03, 0.035, 0.03]","[0, 0, 1]","[0.028, 0.046]"
"[1, 0, 0]","[0.013, 0.008, 0.013]","[1, 0, 0]","[0.005, 0.017, 0.005]"
"[1, 0, 0]","[0.008, 0.023, 0.008]","[0, 0, 1]","[0.009, 0.053]"
"[0, 0, 1]","[0.017, 0.051]","[1, 0, 0]","[0.019, 0.021, 0.019]"
"[0, 0, 1]","[0.024, 0.007]","[0, 1, 0]",[0.021]
"[0, 0, 1]","[0.027, 0.061]","[0, 0, 1]","[0.029, 0.006]"
"[0, 0, 1]","[0.013, 0.023]","[0, 1, 0]",[0.016]
"[1, 0, 0]","[0.006, 0.043, 0.006]","[0, 0, 1]","[0.021, 0.059]"
"[1, 0, 0]","[0.019, 0.013, 0.019]","[1, 0, 0]","[0.016, 0.027, 0.016]"
"[0, 0, 1]","[0.005, 0.028]","[0, 1, 0]",[0.01]
"[0, 0, 1]","[0.024, 0.031]","[0, 0, 1]","[0.023, 0.058]"
"[1, 0, 0]","[0.014, 0.028, 0.014]","[1, 0, 0]","[0.018, 0.038, 0.018]"
"[0, 1, 0]",[0.011],"[0, 0, 1]","[0.013, 0.017]"
"[0, 0, 1]","[0.028, 0.037]","[1, 0, 0]","[0.007, 0.041, 0.007]"
"[0, 0, 1]","[0.019, 0.022]","[0, 0, 1]","[0.011, 0.039]"
"[0, 0, 1]","[0.021, 0.048]","[0, 1, 0]",[0.027]
"[0, 1, 0]",[0.008],"[0, 1, 0]",[0.027]
"[0, 1, 0]",[0.01],"[1, 0, 0]","[0.026, 0.051, 0.026]"
"[0, 1, 0]",[0.03],"[1, 0, 0]","[0.024, 0.027, 0.024]"
"[1, 0, 0]","[0.012, 0.033, 0.012]","[0, 0, 1]","[0.023, 0.053]"
"[0, 0, 1]","[0.014, 0.048]","[0, 0, 1]","[0.029, 0.012]"
"[0, 0, 1]","[0.025, 0.032]","[0, 1, 0]",[0.015]
"[0, 1, 0]",[0.016],"[0, 0, 1]","[0.018, 0.017]"
"[1, 0, 0]","[0.013, 0.034, 0.013]","[0, 1, 0]",[0.029]
"[1, 0, 0]","[0.015, 0.041, 0.015]","[1, 0, 0]","[0.026, 0.02, 0.026]"
"[0, 0, 1]","[0.007, 0.009]","[1, 0, 0]","[0.028, 0.053, 0.028]"
"[1, 0, 0]","[0.024, 0.014, 0.024]","[0, 1, 0]",[0.007]
"[0, 0, 1]","[0.007, 0.037]","[0, 0, 1]","[0.02, 0.033]"
"[0, 1, 0]",[0.014],"[1, 0, 0]","[0.024, 0.045, 0.024]"
"[1, 0, 0]","[0.007, 0.024, 0.007]","[1, 0, 0]","[0.01, 0.05, 0.01]"
"[0, 0, 1]","[0.011, 0.028]","[1, 0, 0]","[0.013, 0.041, 0.013]"
"[1, 0, 0]","[0.025, 0.038, 0.025]","[1, 0, 0]","[0.019, 0.032, 0.019]"
"[0, 1, 0]",[0.019],"[0, 0, 1]","[0.014, 0.016]"
"[1, 0, 0]","[0.013, 0.008, 0.013]","[0, 1, 0]",[0.016]
"[0, 1, 0]",[0.025],"[0, 0, 1]","[0.016, 0.01]"
"[1, 0, 0]","[0.017, 0.028, 0.017]","[0, 1, 0]",[0.015]
"[1, 0, 0]","[0.014, 0.03, 0.014]","[1, 0, 0]","[0.008, 0.019, 0.008]"
"[0, 1, 0]",[0.009],"[1, 0, 0]","[0.015, 0.052, 0.015]"
"[0, 0, 1]","[0.011, 0.042]","[0, 0, 1]","[0.011, 0.033]"
"[0, 1, 0]",[0.025],"[0, 0, 1]","[0.02, 0.032]"
"[0, 0, 1]","[0.023, 0.057]","[0, 0, 1]","[0.024, 0.051]"
"[0, 1, 0]",[0.028],"[0, 0, 1]","[0.03, 0.039]"
"[0, 1, 0]",[0.021],"[0, 1, 0]",[0.016]
"[1, 0, 0]","[0.012, 0.013, 0.012]","[0, 0, 1]","[0.024, 0.013]"
"[0, 1, 0]",[0.008],"[1, 0, 0]","[0.016, 0.018, 0.016]"
"[0, 1, 0]",[0.009],"[1, 0, 0]","[0.018, 0.051, 0.018]"
"[0, 1, 0]",[0.018],"[0, 1, 0]",[0.017]
"[0, 1, 0]",[0.007],"[1, 0, 0]","[0.02, 0.04, 0.02]"
"[0, 1, 0]",[0.009],"[1, 0, 0]","[0.02, 0.024, 0.02]"
"[1, 0, 0]","[0.028, 0.043, 0.028]","[0, 0, 1]","[0.029, 0.041]"
"[0, 1, 0]",[0.025],"[1, 0, 0]","[0.009, 0.054, 0.009]"
"[0, 0, 1]","[0.022, 0.015]","[0, 1, 0]",[0.02]
"[0, 0, 1]","[0.01, 0.027]","[0, 1, 0]",[0.026]
"[1, 0, 0]","[0.028, 0.008, 0.028]","[1, 0, 0]","[0.029, 0.026, 0.029]"
"[0, 0, 1]","[0.025, 0.021]","[1, 0, 0]","[0.009, 0.027, 0.009]"
"[0, 0, 1]","[0.014, 0.033]","[1, 0, 0]","[0.012, 0.037, 0.012]"
"[0, 1, 0]",[0.008],"[0, 0, 1]","[0.007, 0.028]"
"[0, 0, 1]","[0.01, 0.033]","[0, 0, 1]","[0.009, 0.014]"
"[0, 0, 1]","[0.016, 0.039]","[1, 0, 0]","[0.008, 0.054, 0.008]"
"[0, 1, 0]",[0.006],"[0, 0, 1]","[0.023, 0.043]"
"[0, 1, 0]",[0.008],"[0, 1, 0]",[0.012]
"[0, 0, 1]","[0.02, 0.058]","[0, 1, 0]",[0.01]
"[0, 0, 1]","[0.008, 0.048]","[0, 1, 0]",[0.017]
"[1, 0, 0]","[0.007, 0.013, 0.007]","[0, 1, 0]",[0.007]
"[0, 1, 0]",[0.028],"[0, 0, 1]","[0.014, 0.057]"
"[0, 1, 0]",[0.022],"[1, 0, 0]","[0.03, 0.058, 0.03]"
"[0, 0, 1]","[0.012, 0.056]","[0, 1, 0]",[0.011]
"[0, 1, 0]",[0.009],"[0, 1, 0]",[0.022]
"[1, 0, 0]","[0.025, 0.062, 0.025]","[0, 0, 1]","[0.008, 0.059]"
"[1, 0, 0]","[0.03, 0.022, 0.03]","[1, 0, 0]","[0.023, 0.039, 0.023]"
"[0, 1, 0]",[0.01],"[1, 0, 0]","[0.028, 0.023, 0.028]"
"[0, 0, 1]","[0.011, 0.013]","[0, 1, 0]",[0.03]
"[0, 0, 1]","[0.011, 0.049]","[0, 1, 0]",[0.01]
"[0, 1, 0]",[0.024],"[0, 1, 0]",[0.007]
"[0, 0, 1]","[0.019, 0.028]","[0, 1, 0]",[0.019]
"[1, 0, 0]","[0.026, 0.057, 0.026]","[0, 1, 0]",[0.023]
"[0, 0, 1]","[0.027, 0.044]","[1, 0, 0]","[0.012, 0.01, 0.012]"
"[1, 0, 0]","[0.006, 0.06, 0.006]","[1, 0, 0]","[0.018, 0.043, 0.018]"
"[0, 0, 1]","[0.029, 0.027]","[0, 0, 1]","[0.01, 0.035]"
"[1, 0, 0]","[0.007, 0.049, 0.007]","[0, 0, 1]","[0.014, 0.031]"
"[1, 0, 0]","[0.006, 0.006, 0.006]","[1, 0, 0]","[0.014, 0.059, 0.014]"
"[1, 0, 0]","[0.019, 0.032, 0.019]","[0, 0, 1]","[0.01, 0.018]"
"[1, 0, 0]","[0.023, 0.029, 0.023]","[0, 1, 0]",[0.017]
"[0, 1, 0]",[0.024],"[0, 0, 1]","[0.015, 0.044]"
"[0, 0, 1]","[0.028, 0.044]","[0, 0, 1]","[0.01, 0.006]"
"[1, 0, 0]","[0.015, 0.029, 0.015]","[1, 0, 0]","[0.011, 0.046, 0.011]"
"[1, 0, 0]","[0.028, 0.048, 0.028]","[0, 1, 0]",[0.017]
"[0, 0, 1]","[0.011, 0.022]","[1, 0, 0]","[0.007, 0.049, 0.007]"
"[1, 0, 0]","[0.013, 0.046, 0.013]","[0, 0, 1]","[0.016, 0.03]"
"[1, 0, 0]","[0.019, 0.015, 0.019]","[0, 1, 0]",[0.008]
"[1, 0, 0]","[0.014, 0.041, 0.014]","[0, 1, 0]",[0.02]
"[0, 0, 1]","[0.03, 0.019]","[0, 0, 1]","[0.016, 0.025]"
"[0, 0, 1]","[0.015, 0.037]","[1, 0, 0]","[0.018, 0.034, 0.018]"
"[0, 0, 1]","[0.009, 0.005]","[1, 0, 0]","[0.006, 0.012, 0.006]"
"[1, 0, 0]","[0.007, 0.041, 0.007]","[0, 1, 0]",[0.011]
"[1, 0, 0]","[0.024, 0.038, 0.024]","[0, 0, 1]","[0.013, 0.046]"
"[0, 1, 0]",[0.026],"[0, 0, 1]","[0.026, 0.031]"
"[0, 1, 0]",[0.028],"[0, 1, 0]",[0.008]
"[0, 0, 1]","[0.018, 0.032]","[1, 0, 0]","[0.021, 0.058, 0.021]"
"[0, 0, 1]","[0.016, 0.008]","[1, 0, 0]","[0.022, 0.057, 0.022]"
"[0, 0, 1]","[0.006, 0.041]","[0, 0, 1]","[0.006, 0.062]"
"[1, 0, 0]","[0.009, 0.033, 0.009]","[0, 0, 1]","[0.012, 0.011]"
"[0, 1, 0]",[0.021],"[1, 0, 0]","[0.028, 0.062, 0.028]"
"[0, 1, 0]",[0.024],"[0, 1, 0]",[0.012]
"[0, 1, 0]",[0.015],"[0, 1, 0]",[0.017]
"[1, 0, 0]","[0.007, 0.042, 0.007]","[1, 0, 0]","[0.011, 0.051, 0.011]"
"[0, 1, 0]",[0.025],"[1, 0, 0]","[0.015, 0.006, 0.015]"
"[0, 1, 0]",[0.01],"[0, 1, 0]",[0.008]
"[1, 0, 0]","[0.01, 0.029, 0.01]","[1, 0, 0]","[0.009, 0.05, 0.009]"
"[0, 1, 0]",[0.007],"[1, 0, 0]","[0.012, 0.05, 0.012]"
"[0, 1, 0]",[0.014],"[0, 1, 0]",[0.016]
"[0, 1, 0]",[0.016],"[0, 1, 0]",[0.029]
"[1, 0, 0]","[0.009, 0.01, 0.009]","[0, 1, 0]",[0.03]
"[1, 0, 0]","[0.024, 0.048, 0.024]","[0, 1, 0]",[0.029]
"[1, 0, 0]","[0.026, 0.032, 0.026]","[0, 1, 0]",[0.009]
"[0, 1, 0]",[0.008],"[0, 1, 0]",[0.009]
"[0, 1, 0]",[0.016],"[0, 1, 0]",[0.009]
"[0, 1, 0]",[0.012],"[0, 0, 1]","[0.021, 0.034]"
"[0, 1, 0]",[0.017],"[1, 0, 0]","[0.029, 0.009, 0.029]"
"[0, 1, 0]",[0.015],"[0, 1, 0]",[0.024]
"[1, 0, 0]","[0.027, 0.047, 0.027]","[1, 0, 0]","[0.026, 0.03, 0.026]"
"[0, 0, 1]","[0.016, 0.05]","[1, 0, 0]","[0.019, 0.031, 0.019]"
"[1, 0, 0]","[0.023, 0.041, 0.023]","[1, 0, 0]","[0.01, 0.059, 0.01]"
"[0, 1, 0]",[0.008],"[0, 1, 0]",[0.013]
"[0, 0, 1]","[0.028, 0.025]","[0, 0, 1]","[0.02, 0.043]"
"[1, 0, 0]","[0.017, 0.051, 0.017]","[0, 1, 0]",[0.015]
"[0, 0, 1]","[0.027, 0.025]","[1, 0, 0]","[0.016, 0.042, 0.016]"
"[0, 0, 1]","[0.027, 0.02]","[0, 1, 0]",[0.009]
"[0, 0, 1]","[0.025, 0.03]","[0, 1, 0]",[0.01]
"[1, 0, 0]","[0.017, 0.06, 0.017]","[0, 0, 1]","[0.011, 0.029]"
"[0, 0, 1]","[0.008, 0.009]","[0, 0, 1]","[0.022, 0.028]"
"[1, 0, 0]","[0.022, 0.011, 0.022]","[1, 0, 0]","[0.015, 0.042, 0.015]"
"[0, 1, 0]",[0.024],"[0, 0, 1]","[0.006, 0.022]"
"[1, 0, 0]","[0.006, 0.041, 0.006]","[0, 1, 0]",[0.021]
"[1, 0, 0]","[0.013, 0.018, 0.013]","[0, 0, 1]","[0.013, 0.045]"
"[1, 0, 0]","[0.009, 0.035, 0.009]","[0, 0, 1]","[0.006, 0.061]"
"[1, 0, 0]","[0.028, 0.031, 0.028]","[0, 0, 1]","[0.024, 0.008]"
"[0, 0, 1]","[0.022, 0.017]","[1, 0, 0]","[0.013, 0.027, 0.013]"
"[0, 0, 1]","[0.017, 0.027]","[0, 1, 0]",[0.015]
"[0, 0, 1]","[0.006, 0.061]","[0, 1, 0]",[0.024]
"[0, 1, 0]",[0.006],"[0, 1, 0]",[0.029]
"[0, 1, 0]",[0.03],"[0, 1, 0]",[0.027]
"[0, 1, 0]",[0.009],"[1, 0, 0]","[0.019, 0.025, 0.019]"
"[0, 0, 1]","[0.02, 0.017]","[0, 0, 1]","[0.024, 0.038]"
"[0, 0, 1]","[0.026, 0.039]","[0, 1, 0]",[0.016]
"[1, 0, 0]","[0.018, 0.043, 0.018]","[1, 0, 0]","[0.026, 0.023, 0.026]"
"[0, 1, 0]",[0.014],"[1, 0, 0]","[0.027, 0.013, 0.027]"
"[0, 0, 1]","[0.027, 0.018]","[0, 0, 1]","[0.014, 0.013]"
"[1, 0, 0]","[0.023, 0.056, 0.023]","[1, 0, 0]","[0.006, 0.042, 0.006]"
"[1, 0, 0]","[0.018, 0.022, 0.018]","[0, 1, 0]",[0.02]
"[1, 0, 0]","[0.019, 0.031, 0.019]","[0, 1, 0]",[0.014]
"[0, 1, 0]",[0.025],"[0, 0, 1]","[0.026, 0.036]"
"[0, 1, 0]",[0.019],"[1, 0, 0]","[0.01, 0.018, 0.01]"
"[0, 1, 0]",[0.019],"[1, 0, 0]","[0.02, 0.006, 0.02]"
"[0, 1, 0]",[0.022],"[1, 0, 0]","[0.029, 0.036, 0.029]"
"[1, 0, 0]","[0.008, 0.013, 0.008]","[0, 1, 0]",[0.025]
"[1, 0, 0]","[0.012, 0.045, 0.012]","[1, 0, 0]","[0.02, 0.03, 0.02]"
"[0, 1, 0]",[0.018],"[1, 0, 0]","[0.022, 0.02, 0.022]"
"[1, 0, 0]","[0.024, 0.018, 0.024]","[0, 1, 0]",[0.006]
"[0, 0, 1]","[0.009, 0.044]","[1, 0, 0]","[0.008, 0.061, 0.008]"
"[1, 0, 0]","[0.026, 0.03, 0.026]","[0, 1, 0]",[0.027]
"[0, 0, 1]","[0.028, 0.053]","[0, 1, 0]",[0.024]
"[0, 0, 1]","[0.015, 0.048]","[1, 0, 0]","[0.025, 0.038, 0.025]"
"[1, 0, 0]","[0.029, 0.047, 0.029]","[0, 0, 1]","[0.016, 0.058]"
"[1, 0, 0]","[0.007, 0.055, 0.007]","[1, 0, 0]","[0.025, 0.053, 0.025]"
"[0, 1, 0]",[0.022],"[0, 0, 1]","[0.009, 0.055]"
"[0, 1, 0]",[0.02],"[0, 0, 1]","[0.022, 0.014]"
"[0, 0, 1]","[0.028, 0.021]","[0, 1, 0]",[0.022]
"[0, 1, 0]",[0.008],"[1, 0, 0]","[0.024, 0.02, 0.024]"
"[0, 1, 0]",[0.024],"[1, 0, 0]","[0.027, 0.032, 0.027]"
"[0, 1, 0]",[0.015],"[0, 0, 1]","[0.013, 0.026]"
"[1, 0, 0]","[0.015, 0.02, 0.015]","[0, 0, 1]","[0.029, 0.051]"
"[1, 0, 0]","[0.006, 0.008, 0.006]","[1, 0, 0]","[0.029, 0.031, 0.029]"
"[0, 1, 0]",[0.026],"[1, 0, 0]","[0.027, 0.012, 0.027]"
"[0, 0, 1]","[0.005, 0.045]","[1, 0, 0]","[0.007, 0.041, 0.007]"
"[1, 0, 0]","[0.007, 0.006, 0.007]","[1, 0, 0]","[0.02, 0.018, 0.02]"
"[0, 0, 1]","[0.027, 0.056]","[0, 1, 0]",[0.012]
"[0, 1, 0]",[0.03],"[0, 0, 1]","[0.024, 0.038]"
"[0, 0, 1]","[0.021, 0.039]","[1, 0, 0]","[0.016, 0.019, 0.016]"
"[0, 1, 0]",[0.006],"[0, 0, 1]","[0.02, 0.03]"
"[0, 1, 0]",[0.008],"[0, 0, 1]","[0.016, 0.062]"
"[1, 0, 0]","[0.014, 0.017, 0.014]","[0, 1, 0]",[0.026]
"[0, 1, 0]",[0.013],"[0, 1, 0]",[0.027]
"[0, 0, 1]","[0.011, 0.012]","[0, 0, 1]","[0.026, 0.042]"
"[1, 0, 0]","[0.011, 0.053, 0.011]","[1, 0, 0]","[0.006, 0.036, 0.006]"
"[0, 1, 0]",[0.015],"[0, 1, 0]",[0.019]
"[0, 0, 1]","[0.021, 0.02]","[0, 1, 0]",[0.015]
"[0, 1, 0]",[0.026],"[0, 0, 1]","[0.029, 0.026]"
"[0, 1, 0]",[0.012],"[0, 1, 0]",[0.012]
"[0, 0, 1]","[0.023, 0.041]","[1, 0, 0]","[0.029, 0.057, 0.029]"
"[0, 1, 0]",[0.015],"[1, 0, 0]","[0.011, 0.036, 0.011]"
"[0, 0, 1]","[0.027, 0.026]","[0, 1, 0]",[0.019]
"[0, 1, 0]",[0.018],"[0, 1, 0]",[0.013]
"[0, 0, 1]","[0.006, 0.043]","[0, 0, 1]","[0.027, 0.03]"
"[0, 1, 0]",[0.026],"[0, 1, 0]",[0.026]
"[0, 0, 1]","[0.016, 0.019]","[1, 0, 0]","[0.017, 0.029, 0.017]"
"[0, 0, 1]","[0.013, 0.033]","[1, 0, 0]","[0.011, 0.012, 0.011]"
"[1, 0, 0]","[0.019, 0.047, 0.019]","[1, 0, 0]","[0.007, 0.007, 0.007]"
"[1, 0, 0]","[0.006, 0.037, 0.006]","[1, 0, 0]","[0.023, 0.029, 0.023]"
"[1, 0, 0]","[0.015, 0.03, 0.015]","[1, 0, 0]","[0.028, 0.036, 0.028]"
"[1, 0, 0]","[0.018, 0.022, 0.018]","[0, 1, 0]",[0.019]
"[0, 1, 0]",[0.007],"[1, 0, 0]","[0.021, 0.027, 0.021]"
"[1, 0, 0]","[0.016, 0.024, 0.016]","[0, 0, 1]","[0.016, 0.038]"
"[0, 0, 1]","[0.009, 0.058]","[0, 1, 0]",[0.01]
"[0, 1, 0]",[0.026],"[1, 0, 0]","[0.013, 0.055, 0.013]"
"[1, 0, 0]","[0.017, 0.025, 0.017]","[0, 0, 1]","[0.013, 0.017]"
"[0, 1, 0]",[0.026],"[1, 0, 0]","[0.016, 0.047, 0.016]"
"[0, 1, 0]",[0.027],"[0, 1, 0]",[0.025]
"[1, 0, 0]","[0.024, 0.018, 0.024]","[1, 0, 0]","[0.024, 0.036, 0.024]"
"[0, 0, 1]","[0.023, 0.005]","[0, 0, 1]","[0.019, 0.017]"
"[1, 0, 0]","[0.013, 0.02, 0.013]","[0, 0, 1]","[0.023, 0.023]"
"[1, 0, 0]","[0.027, 0.041, 0.027]","[0, 0, 1]","[0.018, 0.041]"
"[0, 0, 1]","[0.011, 0.045]","[0, 0, 1]","[0.005, 0.01]"
"[0, 0, 1]","[0.005, 0.044]","[1, 0, 0]","[0.026, 0.057, 0.026]"
"[1, 0, 0]","[0.007, 0.028, 0.007]","[0, 1, 0]",[0.028]
"[0, 0, 1]","[0.008, 0.015]","[0, 0, 1]","[0.008, 0.006]"
"[1, 0, 0]","[0.014, 0.041, 0.014]","[0, 1, 0]",[0.023]
"[1, 0, 0]","[0.023, 0.045, 0.023]","[0, 0, 1]","[0.014, 0.038]"
"[0, 0, 1]","[0.007, 0.056]","[0, 1, 0]",[0.006]
"[0, 0, 1]","[0.009, 0.018]","[1, 0, 0]","[0.007, 0.053, 0.007]"
"[1, 0, 0]","[0.013, 0.026, 0.013]","[0, 1, 0]",[0.026]
"[1, 0, 0]","[0.03, 0.039, 0.03]","[0, 1, 0]",[0.017]
"[0, 1, 0]",[0.015],"[1, 0, 0]","[0.019, 0.058, 0.019]"
"[1, 0, 0]","[0.026, 0.062, 0.026]","[0, 0, 1]","[0.007, 0.015]"
"[0, 1, 0]",[0.005],"[0, 0, 1]","[0.028, 0.044]"
"[0, 0, 1]","[0.021, 0.02]","[0, 1, 0]",[0.015]
"[0, 0, 1]","[0.025, 0.011]","[1, 0, 0]","[0.02, 0.017, 0.02]"
"[0, 0, 1]","[0.012, 0.01]","[1, 0, 0]","[0.018, 0.014, 0.018]"
"[1, 0, 0]","[0.024, 0.018, 0.024]","[0, 1, 0]",[0.022]
"[0, 0, 1]","[0.015, 0.052]","[0, 0, 1]","[0.008, 0.048]"
"[0, 0, 1]","[0.019, 0.017]","[0, 0, 1]","[0.029, 0.024]"
"[0, 0, 1]","[0.009, 0.053]","[1, 0, 0]","[0.024, 0.012, 0.024]"
"[0, 0, 1]","[0.01, 0.047]","[0, 1, 0]",[0.012]
"[1, 0, 0]","[0.022, 0.062, 0.022]","[0, 0, 1]","[0.008, 0.022]"
"[0, 0, 1]","[0.018, 0.038]","[0, 1, 0]",[0.02]
"[0, 1, 0]",[0.018],"[0, 1, 0]",[0.021]
"[1, 0, 0]","[0.017, 0.056, 0.017]","[0, 1, 0]",[0.017]
"[1, 0, 0]","[0.016, 0.048, 0.016]","[1, 0, 0]","[0.013, 0.044, 0.013]"
"[0, 0, 1]","[0.023, 0.011]","[1, 0, 0]","[0.022, 0.056, 0.022]"
"[1, 0, 0]","[0.01, 0.009, 0.01]","[1, 0, 0]","[0.008, 0.018, 0.008]"
"[0, 0, 1]","[0.028, 0.019]","[0, 0, 1]","[0.023, 0.037]"
"[0, 1, 0]",[0.02],"[1, 0, 0]","[0.006, 0.019, 0.006]"
"[0, 0, 1]","[0.016, 0.051]","[1, 0, 0]","[0.016, 0.057, 0.016]"
"[1, 0, 0]","[0.022, 0.042, 0.022]","[1, 0, 0]","[0.009, 0.045, 0.009]"
"[0, 1, 0]",[0.018],"[0, 1, 0]",[0.016]
"[0, 0, 1]","[0.011, 0.023]","[0, 0, 1]","[0.009, 0.041]"
"[1, 0, 0]","[0.025, 0.033, 0.025]","[1, 0, 0]","[0.012, 0.039, 0.012]"
"[0, 0, 1]","[0.012, 0.054]","[0, 1, 0]",[0.028]
